V,y,exp_act,exp_inact,fit_act,fit_inact
-70.0,0.000667645,0.000667645,,,
-60.0,0.050004781,0.050004781,,,
-50.0,0.817481051,0.817481051,,,
-40.0,1.0,1.0,,,
-110.0,0.977572198,,0.977572198,,
-100.0,0.909481726,,0.909481726,,
-90.0,0.772906553,,0.772906553,,
-80.0,0.577176005,,0.577176005,,
-70.0,0.32378955,,0.32378955,,
-60.0,0.112933481,,0.112933481,,
-50.0,0.008118366,,0.008118366,,
-40.0,0.001035291,,0.001035291,,
-122.0,0.0001869942339954673,,,0.0001869942339954673,
-121.82985821517931,0.00018699423399972702,,,0.00018699423399972702,
-121.65971643035863,0.00018699423400432187,,,0.00018699423400432187,
-121.48957464553794,0.0001869942340092782,,,0.0001869942340092782,
-121.31943286071727,0.00018699423401462442,,,0.00018699423401462442,
-121.14929107589658,0.00018699423402039123,,,0.00018699423402039123,
-120.9791492910759,0.00018699423402661173,,,0.00018699423402661173,
-120.80900750625521,0.0001869942340333216,,,0.0001869942340333216,
-120.63886572143453,0.00018699423404055932,,,0.00018699423404055932,
-120.46872393661384,0.00018699423404836644,,,0.00018699423404836644,
-120.29858215179316,0.00018699423405678774,,,0.00018699423405678774,
-120.12844036697248,0.00018699423406587156,,,0.00018699423406587156,
-119.9582985821518,0.00018699423407566999,,,0.00018699423407566999,
-119.78815679733111,0.00018699423408623928,,,0.00018699423408623928,
-119.61801501251043,0.00018699423409764001,,,0.00018699423409764001,
-119.44787322768974,0.00018699423410993769,,,0.00018699423410993769,
-119.27773144286905,0.0001869942341232028,,,0.0001869942341232028,
-119.10758965804837,0.00018699423413751147,,,0.00018699423413751147,
-118.93744787322768,0.00018699423415294582,,,0.00018699423415294582,
-118.76730608840701,0.0001869942341695944,,,0.0001869942341695944,
-118.59716430358633,0.00018699423418755268,,,0.00018699423418755268,
-118.42702251876564,0.00018699423420692377,,,0.00018699423420692377,
-118.25688073394495,0.0001869942342278188,,,0.0001869942342278188,
-118.08673894912427,0.00018699423425035762,,,0.00018699423425035762,
-117.91659716430358,0.00018699423427466955,,,0.00018699423427466955,
-117.7464553794829,0.00018699423430089412,,,0.00018699423430089412,
-117.57631359466222,0.00018699423432918177,,,0.00018699423432918177,
-117.40617180984154,0.00018699423435969482,,,0.00018699423435969482,
-117.23603002502085,0.00018699423439260833,,,0.00018699423439260833,
-117.06588824020017,0.00018699423442811115,,,0.00018699423442811115,
-116.89574645537948,0.00018699423446640696,,,0.00018699423446640696,
-116.7256046705588,0.0001869942345077155,,,0.0001869942345077155,
-116.55546288573811,0.0001869942345522738,,,0.0001869942345522738,
-116.38532110091744,0.00018699423460033748,,,0.00018699423460033748,
-116.21517931609675,0.00018699423465218235,,,0.00018699423465218235,
-116.04503753127607,0.00018699423470810585,,,0.00018699423470810585,
-115.87489574645538,0.00018699423476842885,,,0.00018699423476842885,
-115.7047539616347,0.00018699423483349746,,,0.00018699423483349746,
-115.53461217681401,0.00018699423490368502,,,0.00018699423490368502,
-115.36447039199332,0.00018699423497939424,,,0.00018699423497939424,
-115.19432860717265,0.0001869942350610595,,,0.0001869942350610595,
-115.02418682235196,0.00018699423514914934,,,0.00018699423514914934,
-114.85404503753128,0.00018699423524416923,,,0.00018699423524416923,
-114.68390325271059,0.00018699423534666434,,,0.00018699423534666434,
-114.5137614678899,0.0001869942354572227,,,0.0001869942354572227,
-114.34361968306922,0.00018699423557647874,,,0.00018699423557647874,
-114.17347789824854,0.00018699423570511662,,,0.00018699423570511662,
-114.00333611342785,0.00018699423584387444,,,0.00018699423584387444,
-113.83319432860718,0.00018699423599354836,,,0.00018699423599354836,
-113.66305254378649,0.0001869942361549971,,,0.0001869942361549971,
-113.4929107589658,0.000186994236329147,,,0.000186994236329147,
-113.32276897414512,0.00018699423651699732,,,0.00018699423651699732,
-113.15262718932443,0.00018699423671962579,,,0.00018699423671962579,
-112.98248540450375,0.00018699423693819504,,,0.00018699423693819504,
-112.81234361968308,0.00018699423717395913,,,0.00018699423717395913,
-112.64220183486239,0.0001869942374282708,,,0.0001869942374282708,
-112.4720600500417,0.00018699423770258914,,,0.00018699423770258914,
-112.30191826522102,0.00018699423799848814,,,0.00018699423799848814,
-112.13177648040033,0.00018699423831766547,,,0.00018699423831766547,
-111.96163469557965,0.00018699423866195248,,,0.00018699423866195248,
-111.79149291075896,0.00018699423903332458,,,0.00018699423903332458,
-111.62135112593828,0.0001869942394339125,,,0.0001869942394339125,
-111.4512093411176,0.00018699423986601467,,,0.00018699423986601467,
-111.28106755629692,0.0001869942403321103,,,0.0001869942403321103,
-111.11092577147623,0.0001869942408348737,,,0.0001869942408348737,
-110.94078398665555,0.00018699424137718945,,,0.00018699424137718945,
-110.77064220183486,0.00018699424196216922,,,0.00018699424196216922,
-110.60050041701417,0.0001869942425931693,,,0.0001869942425931693,
-110.43035863219349,0.0001869942432738102,,,0.0001869942432738102,
-110.26021684737282,0.00018699424400799708,,,0.00018699424400799708,
-110.09007506255213,0.00018699424479994245,,,0.00018699424479994245,
-109.91993327773145,0.00018699424565419014,,,0.00018699424565419014,
-109.74979149291076,0.0001869942465756415,,,0.0001869942465756415,
-109.57964970809007,0.0001869942475695834,,,0.0001869942475695834,
-109.40950792326939,0.00018699424864171876,,,0.00018699424864171876,
-109.2393661384487,0.00018699424979819895,,,0.00018699424979819895,
-109.06922435362802,0.00018699425104565947,,,0.00018699425104565947,
-108.89908256880734,0.00018699425239125767,,,0.00018699425239125767,
-108.72894078398666,0.00018699425384271408,,,0.00018699425384271408,
-108.55879899916597,0.00018699425540835653,,,0.00018699425540835653,
-108.38865721434529,0.00018699425709716808,,,0.00018699425709716808,
-108.2185154295246,0.00018699425891883842,,,0.00018699425891883842,
-108.04837364470391,0.00018699426088381954,,,0.00018699426088381954,
-107.87823185988324,0.0001869942630033857,,,0.0001869942630033857,
-107.70809007506256,0.00018699426528969815,,,0.00018699426528969815,
-107.53794829024187,0.00018699426775587474,,,0.00018699426775587474,
-107.36780650542119,0.00018699427041606544,,,0.00018699427041606544,
-107.1976647206005,0.00018699427328553334,,,0.00018699427328553334,
-107.02752293577981,0.00018699427638074222,,,0.00018699427638074222,
-106.85738115095913,0.00018699427971945117,,,0.00018699427971945117,
-106.68723936613844,0.00018699428332081633,,,0.00018699428332081633,
-106.51709758131777,0.00018699428720550087,,,0.00018699428720550087,
-106.34695579649708,0.0001869942913957935,,,0.0001869942913957935,
-106.1768140116764,0.0001869942959157364,,,0.0001869942959157364,
-106.00667222685571,0.00018699430079126316,,,0.00018699430079126316,
-105.83653044203503,0.0001869943060503476,,,0.0001869943060503476,
-105.66638865721434,0.00018699431172316416,,,0.00018699431172316416,
-105.49624687239367,0.00018699431784226114,,,0.00018699431784226114,
-105.32610508757298,0.00018699432444274744,,,0.00018699432444274744,
-105.1559633027523,0.00018699433156249394,,,0.00018699433156249394,
-104.98582151793161,0.00018699433924235082,,,0.00018699433924235082,
-104.81567973311093,0.000186994347526382,,,0.000186994347526382,
-104.64553794829024,0.00018699435646211783,,,0.00018699435646211783,
-104.47539616346955,0.00018699436610082794,,,0.00018699436610082794,
-104.30525437864887,0.00018699437649781527,,,0.00018699437649781527,
-104.13511259382818,0.0001869943877127335,,,0.0001869943877127335,
-103.96497080900751,0.00018699439980992928,,,0.00018699439980992928,
-103.79482902418682,0.00018699441285881133,,,0.00018699441285881133,
-103.62468723936614,0.00018699442693424884,,,0.00018699442693424884,
-103.45454545454545,0.00018699444211700087,,,0.00018699444211700087,
-103.28440366972477,0.0001869944584941799,,,0.0001869944584941799,
-103.1142618849041,0.00018699447615975144,,,0.00018699447615975144,
-102.94412010008341,0.00018699449521507338,,,0.00018699449521507338,
-102.77397831526272,0.00018699451576947732,,,0.00018699451576947732,
-102.60383653044204,0.00018699453794089604,,,0.00018699453794089604,
-102.43369474562135,0.00018699456185654009,,,0.00018699456185654009,
-102.26355296080067,0.00018699458765362764,,,0.00018699458765362764,
-102.09341117597998,0.00018699461548017185,,,0.00018699461548017185,
-101.9232693911593,0.00018699464549583008,,,0.00018699464549583008,
-101.75312760633861,0.00018699467787281987,,,0.00018699467787281987,
-101.58298582151794,0.00018699471279690717,,,0.00018699471279690717,
-101.41284403669725,0.00018699475046847215,,,0.00018699475046847215,
-101.24270225187657,0.0001869947911036588,,,0.0001869947911036588,
-101.07256046705588,0.00018699483493561523,,,0.00018699483493561523,
-100.9024186822352,0.00018699488221583132,,,0.00018699488221583132,
-100.73227689741451,0.00018699493321558159,,,0.00018699493321558159,
-100.56213511259384,0.00018699498822748179,,,0.00018699498822748179,
-100.39199332777315,0.0001869950475671677,,,0.0001869950475671677,
-100.22185154295246,0.00018699511157510622,,,0.00018699511157510622,
-100.05170975813178,0.00018699518061854868,,,0.00018699518061854868,
-99.88156797331109,0.00018699525509363818,,,0.00018699525509363818,
-99.7114261884904,0.00018699533542768234,,,0.00018699533542768234,
-99.54128440366972,0.00018699542208160507,,,0.00018699542208160507,
-99.37114261884903,0.00018699551555259115,,,0.00018699551555259115,
-99.20100083402835,0.00018699561637693888,,,0.00018699561637693888,
-99.03085904920768,0.00018699572513313718,,,0.00018699572513313718,
-98.86071726438699,0.00018699584244518468,,,0.00018699584244518468,
-98.6905754795663,0.00018699596898616992,,,0.00018699596898616992,
-98.52043369474562,0.00018699610548213337,,,0.00018699610548213337,
-98.35029190992493,0.0001869962527162331,,,0.0001869962527162331,
-98.18015012510426,0.00018699641153323813,,,0.00018699641153323813,
-98.01000834028358,0.00018699658284437558,,,0.00018699658284437558,
-97.83986655546289,0.00018699676763255868,,,0.00018699676763255868,
-97.6697247706422,0.00018699696695802654,,,0.00018699696695802654,
-97.49958298582152,0.0001869971819644272,,,0.0001869971819644272,
-97.32944120100083,0.00018699741388537947,,,0.00018699741388537947,
-97.15929941618015,0.00018699766405155097,,,0.00018699766405155097,
-96.98915763135946,0.00018699793389829295,,,0.00018699793389829295,
-96.81901584653878,0.0001869982249738757,,,0.0001869982249738757,
-96.6488740617181,0.0001869985389483719,,,0.0001869985389483719,
-96.47873227689742,0.00018699887762323883,,,0.00018699887762323883,
-96.30859049207673,0.00018699924294165445,,,0.00018699924294165445,
-96.13844870725605,0.00018699963699966648,,,0.00018699963699966648,
-95.96830692243536,0.00018700006205821864,,,0.00018700006205821864,
-95.79816513761467,0.0001870005205561231,,,0.0001870005205561231,
-95.628023352794,0.00018700101512405338,,,0.00018700101512405338,
-95.45788156797332,0.00018700154859963803,,,0.00018700154859963803,
-95.28773978315263,0.0001870021240437418,,,0.0001870021240437418,
-95.11759799833195,0.00018700274475802762,,,0.00018700274475802762,
-94.94745621351126,0.00018700341430390025,,,0.00018700341430390025,
-94.77731442869057,0.00018700413652294003,,,0.00018700413652294003,
-94.60717264386989,0.00018700491555894441,,,0.00018700491555894441,
-94.4370308590492,0.00018700575588170336,,,0.00018700575588170336,
-94.26688907422852,0.00018700666231264508,,,0.00018700666231264508,
-94.09674728940784,0.00018700764005249952,,,0.00018700764005249952,
-93.92660550458716,0.00018700869471113796,,,0.00018700869471113796,
-93.75646371976647,0.00018700983233976013,,,0.00018700983233976013,
-93.58632193494579,0.0001870110594656135,,,0.0001870110594656135,
-93.4161801501251,0.00018701238312944407,,,0.00018701238312944407,
-93.24603836530443,0.00018701381092589312,,,0.00018701381092589312,
-93.07589658048374,0.00018701535104707225,,,0.00018701535104707225,
-92.90575479566306,0.00018701701232956626,,,0.00018701701232956626,
-92.73561301084237,0.00018701880430513392,,,0.00018701880430513392,
-92.56547122602169,0.00018702073725539718,,,0.00018702073725539718,
-92.395329441201,0.00018702282227083303,,,0.00018702282227083303,
-92.22518765638031,0.00018702507131440594,,,0.00018702507131440594,
-92.05504587155963,0.00018702749729020647,,,0.00018702749729020647,
-91.88490408673894,0.0001870301141174896,,,0.0001870301141174896,
-91.71476230191827,0.00018703293681053776,,,0.00018703293681053776,
-91.54462051709758,0.00018703598156480638,,,0.00018703598156480638,
-91.3744787322769,0.00018703926584984692,,,0.00018703926584984692,
-91.20433694745621,0.00018704280850953978,,,0.00018704280850953978,
-91.03419516263553,0.00018704662987021272,,,0.00018704662987021272,
-90.86405337781486,0.00018705075185726492,,,0.00018705075185726492,
-90.69391159299417,0.00018705519812096572,,,0.00018705519812096572,
-90.52376980817348,0.00018705999417215015,,,0.00018705999417215015,
-90.3536280233528,0.00018706516752858932,,,0.00018706516752858932,
-90.18348623853211,0.00018707074787287602,,,0.00018707074787287602,
-90.01334445371143,0.00018707676722273098,,,0.00018707676722273098,
-89.84320266889074,0.00018708326011470714,,,0.00018708326011470714,
-89.67306088407005,0.0001870902638023459,,,0.0001870902638023459,
-89.50291909924937,0.0001870978184699223,,,0.0001870978184699223,
-89.33277731442868,0.00018710596746300537,,,0.00018710596746300537,
-89.16263552960801,0.00018711475753715683,,,0.00018711475753715683,
-88.99249374478732,0.00018712423912619456,,,0.00018712423912619456,
-88.82235195996664,0.00018713446663156053,,,0.00018713446663156053,
-88.65221017514595,0.000187145498734453,,,0.000187145498734453,
-88.48206839032528,0.00018715739873251432,,,0.00018715739873251432,
-88.3119266055046,0.0001871702349030054,,,0.0001871702349030054,
-88.14178482068391,0.00018718408089455154,,,0.00018718408089455154,
-87.97164303586322,0.00018719901614970623,,,0.00018719901614970623,
-87.80150125104254,0.00018721512636075805,,,0.00018721512636075805,
-87.63135946622185,0.00018723250396139574,,,0.00018723250396139574,
-87.46121768140117,0.0001872512486570522,,,0.0001872512486570522,
-87.29107589658048,0.0001872714679969703,,,0.0001872714679969703,
-87.1209341117598,0.00018729327799127285,,,0.00018729327799127285,
-86.95079232693911,0.00018731680377657696,,,0.00018731680377657696,
-86.78065054211842,0.00018734218033397183,,,0.00018734218033397183,
-86.61050875729775,0.00018736955326347933,,,0.00018736955326347933,
-86.44036697247707,0.00018739907961944058,,,0.00018739907961944058,
-86.27022518765638,0.00018743092881162178,,,0.00018743092881162178,
-86.10008340283571,0.00018746528357720915,,,0.00018746528357720915,
-85.92994161801502,0.00018750234102926942,,,0.00018750234102926942,
-85.75979983319434,0.00018754231378769186,,,0.00018754231378769186,
-85.58965804837365,0.00018758543119909985,,,0.00018758543119909985,
-85.41951626355296,0.00018763194065273133,,,0.00018763194065273133,
-85.24937447873228,0.0001876821089998377,,,0.0001876821089998377,
-85.07923269391159,0.00018773622408474453,,,0.00018773622408474453,
-84.9090909090909,0.00018779459639635838,,,0.00018779459639635838,
-84.73894912427022,0.00018785756084959456,,,0.00018785756084959456,
-84.56880733944953,0.00018792547870694626,,,0.00018792547870694626,
-84.39866555462885,0.00018799873965121965,,,0.00018799873965121965,
-84.22852376980818,0.00018807776402132628,,,0.00018807776402132628,
-84.05838198498749,0.0001881630052239596,,,0.0001881630052239596,
-83.8882402001668,0.00018825495233499204,,,0.00018825495233499204,
-83.71809841534612,0.00018835413290551624,,,0.00018835413290551624,
-83.54795663052545,0.00018846111598862909,,,0.00018846111598862909,
-83.37781484570476,0.00018857651540432282,,,0.00018857651540432282,
-83.20767306088408,0.00018870099326121346,,,0.00018870099326121346,
-83.03753127606339,0.00018883526375530974,,,0.00018883526375530974,
-82.8673894912427,0.00018898009726761586,,,0.00018898009726761586,
-82.69724770642202,0.00018913632478407386,,,0.00018913632478407386,
-82.52710592160133,0.0001893048426632017,,,0.0001893048426632017,
-82.35696413678065,0.00018948661777877634,,,0.00018948661777877634,
-82.18682235195996,0.00018968269306706301,,,0.00018968269306706301,
-82.01668056713928,0.000189894193510411,,,0.000189894193510411,
-81.84653878231859,0.00019012233259154004,,,0.00019012233259154004,
-81.67639699749792,0.00019036841925553955,,,0.00019036841925553955,
-81.50625521267723,0.00019063386541951557,,,0.00019063386541951557,
-81.33611342785655,0.00019092019407295955,,,0.00019092019407295955,
-81.16597164303587,0.00019122904801530176,,,0.00019122904801530176,
-80.99582985821519,0.0001915621992807642,,,0.0001915621992807642,
-80.8256880733945,0.00019192155930456946,,,0.00019192155930456946,
-80.65554628857382,0.00019230918988881254,,,0.00019230918988881254,
-80.48540450375313,0.00019272731503088561,,,0.00019272731503088561,
-80.31526271893244,0.00019317833368229258,,,0.00019317833368229258,
-80.14512093411176,0.0001936648335110209,,,0.0001936648335110209,
-79.97497914929107,0.00019418960574639236,,,0.00019418960574639236,
-79.80483736447039,0.00019475566119151692,,,0.00019475566119151692,
-79.6346955796497,0.00019536624749516614,,,0.00019536624749516614,
-79.46455379482902,0.00019602486778209815,,,0.00019602486778209815,
-79.29441201000834,0.0001967353007486509,,,0.0001967353007486509,
-79.12427022518766,0.00019750162233881388,,,0.00019750162233881388,
-78.95412844036697,0.0001983282291250422,,,0.0001983282291250422,
-78.78398665554629,0.00019921986352784156,,,0.00019921986352784156,
-78.61384487072561,0.000200181641018682,,,0.000200181641018682,
-78.44370308590493,0.00020121907946215573,,,0.00020121907946215573,
-78.27356130108424,0.00020233813076553969,,,0.00020233813076553969,
-78.10341951626356,0.00020354521501713432,,,0.00020354521501713432,
-77.93327773144287,0.00020484725730898987,,,0.00020484725730898987,
-77.76313594662219,0.000206251727454993,,,0.000206251727454993,
-77.5929941618015,0.00020776668283184946,,,0.00020776668283184946,
-77.42285237698081,0.0002094008145883585,,,0.0002094008145883585,
-77.25271059216013,0.00021116349748763434,,,0.00021116349748763434,
-77.08256880733944,0.00021306484366769642,,,0.00021306484366769642,
-76.91242702251876,0.00021511576062824256,,,0.00021511576062824256,
-76.74228523769808,0.00021732801377556102,,,0.00021732801377556102,
-76.5721434528774,0.00021971429388357007,,,0.00021971429388357007,
-76.40200166805671,0.00022228828985703373,,,0.00022228828985703373,
-76.23185988323604,0.00022506476721326527,,,0.00022506476721326527,
-76.06171809841535,0.00022805965273124248,,,0.00022805965273124248,
-75.89157631359467,0.00023129012575222107,,,0.00023129012575222107,
-75.72143452877398,0.00023477471665384026,,,0.00023477471665384026,
-75.5512927439533,0.00023853341306056424,,,0.00023853341306056424,
-75.38115095913261,0.00024258777439734204,,,0.00024258777439734204,
-75.21100917431193,0.0002469610554408264,,,0.0002469610554408264,
-75.04086738949124,0.00025167833957364,,,0.00025167833957364,
-74.87072560467055,0.00025676668250229325,,,0.00025676668250229325,
-74.70058381984987,0.00026225526725874864,,,0.00026225526725874864,
-74.53044203502918,0.0002681755713696149,,,0.0002681755713696149,
-74.36030025020851,0.0002745615471458935,,,0.0002745615471458935,
-74.19015846538782,0.0002814498161204642,,,0.0002814498161204642,
-74.02001668056714,0.00028887987874047906,,,0.00028887987874047906,
-73.84987489574645,0.00029689434050799926,,,0.00029689434050799926,
-73.67973311092578,0.0003055391558549626,,,0.0003055391558549626,
-73.5095913261051,0.0003148638911384747,,,0.0003148638911384747,
-73.33944954128441,0.00032492200824993725,,,0.00032492200824993725,
-73.16930775646372,0.0003357711704472993,,,0.0003357711704472993,
-72.99916597164304,0.0003474735721442739,,,0.0003474735721442739,
-72.82902418682235,0.0003600962945244153,,,0.0003600962945244153,
-72.65888240200167,0.00037371168899215525,,,0.00037371168899215525,
-72.48874061718098,0.0003883977906279975,,,0.0003883977906279975,
-72.3185988323603,0.0004042387639818522,,,0.0004042387639818522,
-72.14845704753961,0.000421325383717794,,,0.000421325383717794,
-71.97831526271894,0.0004397555528162243,,,0.0004397555528162243,
-71.80817347789825,0.0004596348612464755,,,0.0004596348612464755,
-71.63803169307756,0.00048107718824523814,,,0.00048107718824523814,
-71.46788990825688,0.0005042053515750296,,,0.0005042053515750296,
-71.29774812343621,0.0005291518073931166,,,0.0005291518073931166,
-71.12760633861552,0.00055605940463631,,,0.00055605940463631,
-70.95746455379484,0.0005850821981218086,,,0.0005850821981218086,
-70.78732276897415,0.0006163863248803656,,,0.0006163863248803656,
-70.61718098415346,0.0006501509485764932,,,0.0006501509485764932,
-70.44703919933278,0.0006865692772329076,,,0.0006865692772329076,
-70.27689741451209,0.0007258496598641687,,,0.0007258496598641687,
-70.1067556296914,0.000768216768039101,,,0.000768216768039101,
-69.93661384487072,0.000813912868834524,,,0.000813912868834524,
-69.76647206005003,0.0008631991961156817,,,0.0008631991961156817,
-69.59633027522935,0.0009163574275830413,,,0.0009163574275830413,
-69.42618849040868,0.0009736912755624039,,,0.0009736912755624039,
-69.25604670558799,0.0010355282000870812,,,0.0010355282000870812,
-69.0859049207673,0.001102221253428553,,,0.001102221253428553,
-68.91576313594663,0.001174151065877282,,,0.001174151065877282,
-68.74562135112595,0.0012517279832589918,,,0.0012517279832589918,
-68.57547956630526,0.0013353943673951297,,,0.0013353943673951297,
-68.40533778148458,0.0014256270714804993,,,0.0014256270714804993,
-68.23519599666389,0.0015229401031560828,,,0.0015229401031560828,
-68.0650542118432,0.0016278874889019274,,,0.0016278874889019274,
-67.89491242702252,0.001741066354262828,,,0.001741066354262828,
-67.72477064220183,0.0018631202353479401,,,0.0018631202353479401,
-67.55462885738115,0.0019947426380128057,,,0.0019947426380128057,
-67.38448707256046,0.002136680862136362,,,0.002136680862136362,
-67.21434528773977,0.0022897401094429935,,,0.0022897401094429935,
-67.0442035029191,0.0024547878943861155,,,0.0024547878943861155,
-66.87406171809842,0.002632758778699295,,,0.002632758778699295,
-66.70391993327773,0.0028246594513254655,,,0.0028246594513254655,
-66.53377814845705,0.003031574176545866,,,0.003031574176545866,
-66.36363636363637,0.00325467063423411,,,0.00325467063423411,
-66.19349457881569,0.00349520617724454,,,0.00349520617724454,
-66.023352793995,0.003754534531987731,,,0.003754534531987731,
-65.85321100917432,0.004034112969229957,,,0.004034112969229957,
-65.68306922435363,0.004335509973049066,,,0.004335509973049066,
-65.51292743953294,0.004660413436657423,,,0.004660413436657423,
-65.34278565471226,0.005010639414424797,,,0.005010639414424797,
-65.17264386989157,0.005388141459857089,,,0.005388141459857089,
-65.00250208507089,0.005795020579458924,,,0.005795020579458924,
-64.8323603002502,0.006233535832268954,,,0.006233535832268954,
-64.66221851542952,0.00670611560433634,,,0.00670611560433634,
-64.49207673060884,0.0072153695864231576,,,0.0072153695864231576,
-64.32193494578816,0.00776410148167748,,,0.00776410148167748,
-64.15179316096747,0.00835532246781499,,,0.00835532246781499,
-63.98165137614679,0.008992265435353333,,,0.008992265435353333,
-63.81150959132611,0.00967840001951627,,,0.00967840001951627,
-63.64136780650542,0.010417448438407792,,,0.010417448438407792,
-63.471226021684735,0.011213402143767887,,,0.011213402143767887,
-63.30108423686406,0.012070539282855081,,,0.012070539282855081,
-63.13094245204337,0.01299344296053363,,,0.01299344296053363,
-62.960800667222685,0.013987020279218623,,,0.013987020279218623,
-62.790658882402006,0.01505652212067722,,,0.01505652212067722,
-62.62051709758132,0.016207563617491108,,,0.016207563617491108,
-62.450375312760634,0.017446145242928132,,,0.017446145242928132,
-62.28023352793995,0.01877867442570094,,,0.01877867442570094,
-62.11009174311927,0.02021198757023064,,,0.02021198757023064,
-61.939949958298584,0.021753372333206063,,,0.021753372333206063,
-61.7698081734779,0.023410589973035422,,,0.023410589973035422,
-61.59966638865721,0.025191897549846794,,,0.025191897549846794,
-61.42952460383653,0.027106069709627863,,,0.027106069709627863,
-61.25938281901585,0.029162419736579362,,,0.029162419736579362,
-61.08924103419516,0.03137081950250898,,,0.03137081950250898,
-60.91909924937448,0.03374171788093728,,,0.03374171788093728,
-60.7489574645538,0.036286157126457344,,,0.036286157126457344,
-60.57881567973311,0.03901578664690135,,,0.03901578664690135,
-60.408673894912425,0.0419428735173539,,,0.0419428735173539,
-60.23853211009175,0.045080309001617025,,,0.045080309001617025,
-60.06839032527106,0.04844161025935078,,,0.04844161025935078,
-59.898248540450375,0.05204091632716373,,,0.05204091632716373,
-59.728106755629696,0.0558929773713248,,,0.0558929773713248,
-59.55796497080901,0.06001313612099612,,,0.06001313612099612,
-59.387823185988324,0.06441730030714414,,,0.06441730030714414,
-59.21768140116764,0.0691219048575379,,,0.0691219048575379,
-59.04753961634696,0.07414386253727911,,,0.07414386253727911,
-58.877397831526274,0.07950050168285595,,,0.07950050168285595,
-58.70725604670559,0.08520948966237256,,,0.08520948966237256,
-58.5371142618849,0.09128874071291597,,,0.09128874071291597,
-58.36697247706422,0.09775630686626455,,,0.09775630686626455,
-58.19683069224354,0.10463025078528194,,,0.10463025078528194,
-58.02668890742285,0.11192849950464022,,,0.11192849950464022,
-57.856547122602166,0.1196686783102401,,,0.1196686783102401,
-57.68640533778148,0.1278679243104874,,,0.1278679243104874,
-57.51626355296081,0.13654267965688147,,,0.13654267965688147,
-57.34612176814012,0.14570846486651362,,,0.14570846486651362,
-57.175979983319436,0.1553796332873641,,,0.1553796332873641,
-57.00583819849875,0.16556910842703224,,,0.16556910842703224,
-56.835696413678065,0.17628810662972347,,,0.17628810662972347,
-56.66555462885738,0.18754584842186645,,,0.18754584842186645,
-56.49541284403669,0.19934926273324688,,,0.19934926273324688,
-56.32527105921602,0.2117026891098793,,,0.2117026891098793,
-56.155129274395335,0.22460758393074137,,,0.22460758393074137,
-55.98498748957465,0.23806223747894148,,,0.23806223747894148,
-55.814845704753964,0.25206150944826217,,,0.25206150944826217,
-55.64470391993328,0.2665965910326759,,,0.2665965910326759,
-55.47456213511259,0.28165480209193083,,,0.28165480209193083,
-55.304420350291906,0.2972194319546139,,,0.2972194319546139,
-55.13427856547122,0.3132696321612832,,,0.3132696321612832,
-54.96413678065055,0.32978036882519407,,,0.32978036882519407,
-54.79399499582986,0.3467224412735587,,,0.3467224412735587,
-54.62385321100918,0.36406257222525645,,,0.36406257222525645,
-54.45371142618849,0.38176357298278746,,,0.38176357298278746,
-54.283569641367805,0.39978458501431047,,,0.39978458501431047,
-54.11342785654712,0.41808139694982815,,,0.41808139694982815,
-53.94328607172643,0.43660683351189905,,,0.43660683351189905,
-53.77314428690576,0.45531121036323224,,,0.45531121036323224,
-53.603002502085076,0.47414284641120696,,,0.47414284641120696,
-53.43286071726439,0.49304862289637474,,,0.49304862289637474,
-53.262718932443704,0.5119745767358412,,,0.5119745767358412,
-53.09257714762302,0.5308665142037504,,,0.5308665142037504,
-52.92243536280233,0.5496706301952959,,,0.5496706301952959,
-52.752293577981646,0.568334118089726,,,0.568334118089726,
-52.582151793160975,0.5868057556162867,,,0.5868057556162867,
-52.41201000834029,0.6050364531105583,,,0.6050364531105583,
-52.2418682235196,0.6229797520660068,,,0.6229797520660068,
-52.07172643869892,0.6405922638443965,,,0.6405922638443965,
-51.90158465387823,0.6578340406927837,,,0.6578340406927837,
-51.731442869057545,0.6746688736943566,,,0.6746688736943566,
-51.56130108423686,0.6910645148216489,,,0.6910645148216489,
-51.39115929941619,0.7069928227360076,,,0.7069928227360076,
-51.2210175145955,0.7224298342735755,,,0.7224298342735755,
-51.050875729774816,0.737355765583162,,,0.737355765583162,
-50.88073394495413,0.7517549485681851,,,0.7517549485681851,
-50.710592160133444,0.7656157095925267,,,0.7656157095925267,
-50.54045037531276,0.7789301983240413,,,0.7789301983240413,
-50.37030859049207,0.7916941751179851,,,0.7916941751179851,
-50.2001668056714,0.8039067655135917,,,0.8039067655135917,
-50.030025020850715,0.8155701902727953,,,0.8155701902727953,
-49.85988323603003,0.8266894789826066,,,0.8266894789826066,
-49.68974145120934,0.8372721746287183,,,0.8372721746287183,
-49.51959966638866,0.8473280357847678,,,0.8473280357847678,
-49.34945788156797,0.856868742203987,,,0.856868742203987,
-49.179316096747286,0.8659076086967392,,,0.8659076086967392,
-49.0091743119266,0.8744593112708122,,,0.8744593112708122,
-48.83903252710593,0.8825396286354885,,,0.8825396286354885,
-48.66889074228524,0.890165201351481,,,0.890165201351481,
-48.49874895746456,0.8973533101651979,,,0.8973533101651979,
-48.32860717264387,0.9041216744090377,,,0.9041216744090377,
-48.158465387823185,0.9104882707849139,,,0.9104882707849139,
-47.9883236030025,0.9164711723766615,,,0.9164711723766615,
-47.81818181818181,0.922088407355135,,,0.922088407355135,
-47.64804003336114,0.9273578365417412,,,0.9273578365417412,
-47.477898248540455,0.9322970487740314,,,0.9322970487740314,
-47.30775646371977,0.9369232728619282,,,0.9369232728619282,
-47.137614678899084,0.9412533048259327,,,0.9412533048259327,
-46.9674728940784,0.9453034490599331,,,0.9453034490599331,
-46.79733110925771,0.9490894720523091,,,0.9490894720523091,
-46.627189324437026,0.952626567321712,,,0.952626567321712,
-46.457047539616354,0.9559293302709329,,,0.9559293302709329,
-46.28690575479567,0.9590117417272706,,,0.9590117417272706,
-46.11676396997498,0.9618871590152717,,,0.9618871590152717,
-45.9466221851543,0.9645683134931009,,,0.9645683134931009,
-45.77648040033361,0.9670673135732978,,,0.9670673135732978,
-45.606338615512925,0.9693956523393392,,,0.9693956523393392,
-45.43619683069224,0.9715642189588685,,,0.9715642189588685,
-45.26605504587157,0.973583313180945,,,0.973583313180945,
-45.09591326105088,0.9754626622869168,,,0.9754626622869168,
-44.925771476230196,0.9772114399416689,,,0.9772114399416689,
-44.75562969140951,0.9788382864635127,,,0.9788382864635127,
-44.585487906588824,0.9803513300965853,,,0.9803513300965853,
-44.41534612176814,0.9817582089292649,,,0.9817582089292649,
-44.24520433694745,0.9830660931558668,,,0.9830660931558668,
-44.07506255212678,0.9842817074269804,,,0.9842817074269804,
-43.904920767306095,0.9854113530765274,,,0.9854113530765274,
-43.73477898248541,0.9864609300513173,,,0.9864609300513173,
-43.56463719766472,0.9874359584019118,,,0.9874359584019118,
-43.39449541284404,0.9883415992223874,,,0.9883415992223874,
-43.22435362802335,0.9891826749514947,,,0.9891826749514947,
-43.054211843202665,0.989963688969122,,,0.989963688969122,
-42.88407005838198,0.9906888444402672,,,0.9906888444402672,
-42.71392827356131,0.9913620623742346,,,0.9913620623742346,
-42.54378648874062,0.9919869988798327,,,0.9919869988798327,
-42.373644703919936,0.9925670616082434,,,0.9925670616082434,
-42.20350291909925,0.9931054253842461,,,0.9931054253842461,
-42.033361134278564,0.9936050470338492,,,0.9936050470338492,
-41.86321934945788,0.9940686794223235,,,0.9940686794223235,
-41.69307756463719,0.9944988847213544,,,0.9944988847213544,
-41.52293577981652,0.9948980469277077,,,0.9948980469277077,
-41.352793994995835,0.9952683836585777,,,0.9952683836585777,
-41.18265221017515,0.9956119572508166,,,0.9956119572508166,
-41.01251042535446,0.9959306851926301,,,0.9959306851926301,
-40.84236864053378,0.9962263499171804,,,0.9962263499171804,
-40.67222685571309,0.9965006079879558,,,0.9965006079879558,
-40.502085070892406,0.9967549987058161,,,0.9967549987058161,
-40.331943286071734,0.9969909521673849,,,0.9969909521673849,
-40.16180150125105,0.9972097968039793,,,0.9972097968039793,
-39.99165971643036,0.9974127664296004,,,0.9974127664296004,
-39.82151793160968,0.997601006825702,,,0.997601006825702,
-39.65137614678899,0.9977755818895243,,,0.9977755818895243,
-39.481234361968305,0.9979374793717889,,,0.9979374793717889,
-39.31109257714762,0.9980876162284869,,,0.9980876162284869,
-39.14095079232695,0.9982268436104066,,,0.9982268436104066,
-38.97080900750626,0.9983559515129364,,,0.9983559515129364,
-38.800667222685576,0.998475673107573,,,0.998475673107573,
-38.63052543786489,0.9985866887754576,,,0.9985866887754576,
-38.460383653044204,0.9986896298621855,,,0.9986896298621855,
-38.29024186822352,0.9987850821720651,,,0.9987850821720651,
-38.12010008340283,0.9988735892189855,,,0.9988735892189855,
-37.94995829858216,0.9989556552500464,,,0.9989556552500464,
-37.779816513761475,0.9990317480571503,,,0.9990317480571503,
-37.60967472894079,0.999102301590841,,,0.999102301590841,
-37.4395329441201,0.9991677183897917,,,0.9991677183897917,
-37.26939115929942,0.9992283718385091,,,0.9992283718385091,
-37.09924937447873,0.9992846082650326,,,0.9992846082650326,
-36.929107589658045,0.9993367488896431,,,0.9993367488896431,
-36.75896580483736,0.9993850916348893,,,0.9993850916348893,
-36.58882402001669,0.9994299128065689,,,0.9994299128065689,
-36.418682235196,0.9994714686546551,,,0.9994714686546551,
-36.248540450375316,0.9995099968225758,,,0.9995099968225758,
-36.07839866555463,0.9995457176926743,,,0.9995457176926743,
-35.908256880733944,0.9995788356351636,,,0.9995788356351636,
-35.73811509591326,0.9996095401673867,,,0.9996095401673867,
-35.56797331109257,0.9996380070297246,,,0.9996380070297246,
-35.3978315262719,0.9996643991840688,,,0.9996643991840688,
-35.227689741451215,0.9996888677403568,,,0.9996888677403568,
-35.05754795663053,0.9997115528162959,,,0.9997115528162959,
-34.88740617180984,0.9997325843350408,,,0.9997325843350408,
-34.71726438698916,0.9997520827652564,,,0.9997520827652564,
-34.54712260216847,0.9997701598076916,,,0.9997701598076916,
-34.376980817347786,0.9997869190320947,,,0.9997869190320947,
-34.206839032527114,0.9998024564680356,,,0.9998024564680356,
-34.03669724770643,0.9998168611529458,,,0.9998168611529458,
-33.86655546288574,0.9998302156404523,,,0.9998302156404523,
-33.696413678065056,0.9998425964718648,,,0.9998425964718648,
-33.52627189324437,0.999854074613473,,,0.999854074613473,
-33.356130108423685,0.9998647158621167,,,0.9998647158621167,
-33.185988323603,0.9998745812213232,,,0.9998745812213232,
-33.01584653878233,0.9998837272501349,,,0.9998837272501349,
-32.84570475396164,0.9998922063866026,,,0.9998922063866026,
-32.675562969140955,0.9999000672477787,,,0.9999000672477787,
-32.50542118432027,0.9999073549079092,,,0.9999073549079092,
-32.33527939949958,0.9999141111564039,,,0.9999141111564039,
-32.1651376146789,0.9999203747370519,,,0.9999203747370519,
-31.994995829858212,0.9999261815698379,,,0.9999261815698379,
-31.824854045037526,0.9999315649566275,,,0.9999315649566275,
-31.654712260216854,0.9999365557718856,,,0.9999365557718856,
-31.48457047539617,0.9999411826395183,,,0.9999411826395183,
-31.314428690575483,0.9999454720968443,,,0.9999454720968443,
-31.144286905754797,0.9999494487466308,,,0.9999494487466308,
-30.97414512093411,0.9999531353980619,,,0.9999531353980619,
-30.804003336113425,0.9999565531974425,,,0.9999565531974425,
-30.63386155129274,0.9999597217493843,,,0.9999597217493843,
-30.463719766472067,0.9999626592291682,,,0.9999626592291682,
-30.29357798165138,0.9999653824869197,,,0.9999653824869197,
-30.123436196830696,0.9999679071441988,,,0.9999679071441988,
-29.95329441201001,0.9999702476835525,,,0.9999702476835525,
-29.783152627189324,0.9999724175315419,,,0.9999724175315419,
-29.613010842368638,0.9999744291357225,,,0.9999744291357225,
-29.442869057547952,0.9999762940360127,,,0.9999762940360127,
-29.27272727272728,0.9999780229308631,,,0.9999780229308631,
-29.102585487906595,0.9999796257386036,,,0.9999796257386036,
-28.93244370308591,0.9999811116543187,,,0.9999811116543187,
-28.762301918265223,0.9999824892025794,,,0.9999824892025794,
-28.592160133444537,0.99998376628633,,,0.99998376628633,
-28.42201834862385,0.9999849502322116,,,0.9999849502322116,
-28.251876563803165,0.9999860478325829,,,0.9999860478325829,
-28.081734778982494,0.9999870653844772,,,0.9999870653844772,
-27.911592994161808,0.9999880087257199,,,0.9999880087257199,
-27.741451209341122,0.9999888832684115,,,0.9999888832684115,
-27.571309424520436,0.999989694029972,,,0.999989694029972,
-27.40116763969975,0.9999904456619205,,,0.9999904456619205,
-27.231025854879064,0.9999911424765565,,,0.9999911424765565,
-27.06088407005838,0.9999917884716961,,,0.9999917884716961,
-26.890742285237707,0.9999923873536052,,,0.9999923873536052,
-26.72060050041702,0.9999929425582601,,,0.9999929425582601,
-26.550458715596335,0.9999934572710576,,,0.9999934572710576,
-26.38031693077565,0.9999939344450889,,,0.9999939344450889,
-26.210175145954963,0.9999943768180793,,,0.9999943768180793,
-26.040033361134277,0.9999947869280956,,,0.9999947869280956,
-25.86989157631359,0.9999951671281047,,,0.9999951671281047,
-25.699749791492906,0.9999955195994727,,,0.9999955195994727,
-25.529608006672234,0.9999958463644797,,,0.9999958463644797,
-25.359466221851548,0.9999961492979215,,,0.9999961492979215,
-25.189324437030862,0.9999964301378639,,,0.9999964301378639,
-25.019182652210176,0.9999966904956163,,,0.9999966904956163,
-24.84904086738949,0.9999969318649741,,,0.9999969318649741,
-24.678899082568805,0.9999971556307894,,,0.9999971556307894,
-24.50875729774812,0.9999973630769159,,,0.9999973630769159,
-24.338615512927447,0.9999975553935756,,,0.9999975553935756,
-24.16847372810676,0.9999977336841857,,,0.9999977336841857,
-23.998331943286075,0.9999978989716906,,,0.9999978989716906,
-23.82819015846539,0.9999980522044295,,,0.9999980522044295,
-23.658048373644704,0.9999981942615792,,,0.9999981942615792,
-23.487906588824018,0.999998325958196,,,0.999998325958196,
-23.317764804003332,0.9999984480498932,,,0.9999984480498932,
-23.14762301918266,0.999998561237177,,,0.999998561237177,
-22.977481234361974,0.999998666169463,,,0.999998666169463,
-22.80733944954129,0.9999987634488052,,,0.9999987634488052,
-22.637197664720603,0.9999988536333486,,,0.9999988536333486,
-22.467055879899917,0.9999989372405312,,,0.9999989372405312,
-22.29691409507923,0.9999990147500538,,,0.9999990147500538,
-22.126772310258545,0.9999990866066314,,,0.9999990866066314,
-21.956630525437873,0.999999153222546,,,0.999999153222546,
-21.786488740617187,0.9999992149800097,,,0.9999992149800097,
-21.6163469557965,0.9999992722333602,,,0.9999992722333602,
-21.446205170975816,0.9999993253110921,,,0.9999993253110921,
-21.27606338615513,0.9999993745177428,,,0.9999993745177428,
-21.105921601334444,0.9999994201356388,,,0.9999994201356388,
-20.935779816513758,0.9999994624265156,,,0.9999994624265156,
-20.765638031693086,0.9999995016330206,,,0.9999995016330206,
-20.5954962468724,0.9999995379801038,,,0.9999995379801038,
-20.425354462051715,0.9999995716763095,,,0.9999995716763095,
-20.25521267723103,0.9999996029149719,,,0.9999996029149719,
-20.085070892410343,0.9999996318753253,,,0.9999996318753253,
-19.914929107589657,0.9999996587235322,,,0.9999996587235322,
-19.74478732276897,0.9999996836136364,,,0.9999996836136364,
-19.574645537948285,0.9999997066884465,,,0.9999997066884465,
-19.404503753127614,0.9999997280803563,,,0.9999997280803563,
-19.234361968306928,0.9999997479121036,,,0.9999997479121036,
-19.064220183486242,0.9999997662974748,,,0.9999997662974748,
-18.894078398665556,0.9999997833419572,,,0.9999997833419572,
-18.72393661384487,0.9999997991433451,,,0.9999997991433451,
-18.553794829024184,0.9999998137923002,,,0.9999998137923002,
-18.3836530442035,0.9999998273728724,,,0.9999998273728724,
-18.213511259382827,0.9999998399629813,,,0.9999998399629813,
-18.04336947456214,0.9999998516348633,,,0.9999998516348633,
-17.873227689741455,0.9999998624554873,,,0.9999998624554873,
-17.70308590492077,0.9999998724869376,,,0.9999998724869376,
-17.532944120100083,0.9999998817867701,,,0.9999998817867701,
-17.362802335279397,0.9999998904083438,,,0.9999998904083438,
-17.19266055045871,0.9999998984011254,,,0.9999998984011254,
-17.02251876563804,0.9999999058109746,,,0.9999999058109746,
-16.852376980817354,0.9999999126804057,,,0.9999999126804057,
-16.682235195996668,0.9999999190488328,,,0.9999999190488328,
-16.512093411175982,0.9999999249527952,,,0.9999999249527952,
-16.341951626355296,0.9999999304261676,,,0.9999999304261676,
-16.17180984153461,0.9999999355003538,,,0.9999999355003538,
-16.001668056713925,0.9999999402044676,,,0.9999999402044676,
-15.831526271893253,0.999999944565499,,,0.999999944565499,
-15.661384487072567,0.99999994860847,,,0.99999994860847,
-15.491242702251881,0.9999999523565775,,,0.9999999523565775,
-15.321100917431195,0.9999999558313266,,,0.9999999558313266,
-15.15095913261051,0.9999999590526536,,,0.9999999590526536,
-14.980817347789824,0.9999999620390417,,,0.9999999620390417,
-14.810675562969138,0.9999999648076257,,,0.9999999648076257,
-14.640533778148466,0.9999999673742899,,,0.9999999673742899,
-14.47039199332778,0.9999999697537609,,,0.9999999697537609,
-14.300250208507094,0.9999999719596918,,,0.9999999719596918,
-14.130108423686409,0.9999999740047386,,,0.9999999740047386,
-13.959966638865723,0.9999999759006355,,,0.9999999759006355,
-13.789824854045037,0.9999999776582599,,,0.9999999776582599,
-13.619683069224351,0.9999999792876967,,,0.9999999792876967,
-13.449541284403665,0.9999999807982947,,,0.9999999807982947,
-13.279399499582993,0.9999999821987211,,,0.9999999821987211,
-13.109257714762308,0.9999999834970111,,,0.9999999834970111,
-12.939115929941622,0.9999999847006137,,,0.9999999847006137,
-12.768974145120936,0.9999999858164345,,,0.9999999858164345,
-12.59883236030025,0.999999986850876,,,0.999999986850876,
-12.428690575479564,0.9999999878098731,,,0.9999999878098731,
-12.258548790658878,0.9999999886989284,,,0.9999999886989284,
-12.088407005838206,0.9999999895231425,,,0.9999999895231425,
-11.91826522101752,0.999999990287245,,,0.999999990287245,
-11.748123436196835,0.9999999909956195,,,0.9999999909956195,
-11.577981651376149,0.9999999916523306,,,0.9999999916523306,
-11.407839866555463,0.999999992261146,,,0.999999992261146,
-11.237698081734777,0.9999999928255594,,,0.9999999928255594,
-11.067556296914091,0.9999999933488084,,,0.9999999933488084,
-10.89741451209342,0.9999999938338958,,,0.9999999938338958,
-10.727272727272734,0.9999999942836045,,,0.9999999942836045,
-10.557130942452048,0.999999994700515,,,0.999999994700515,
-10.386989157631362,0.9999999950870191,,,0.9999999950870191,
-10.216847372810676,0.9999999954453347,,,0.9999999954453347,
-10.04670558798999,0.9999999957775172,,,0.9999999957775172,
-9.876563803169304,0.9999999960854731,,,0.9999999960854731,
-9.706422018348633,0.999999996370969,,,0.999999996370969,
-9.536280233527947,0.9999999966356429,,,0.9999999966356429,
-9.366138448707261,0.9999999968810135,,,0.9999999968810135,
-9.195996663886575,0.9999999971084885,,,0.9999999971084885,
-9.02585487906589,0.9999999973193735,,,0.9999999973193735,
-8.855713094245203,0.9999999975148781,,,0.9999999975148781,
-8.685571309424517,0.9999999976961238,,,0.9999999976961238,
-8.515429524603832,0.9999999978641511,,,0.9999999978641511,
-8.34528773978316,0.9999999980199238,,,0.9999999980199238,
-8.175145954962474,0.9999999981643354,,,0.9999999981643354,
-8.005004170141788,0.9999999982982148,,,0.9999999982982148,
-7.834862385321102,0.9999999984223301,,,0.9999999984223301,
-7.6647206005004165,0.9999999985373934,,,0.9999999985373934,
-7.494578815679731,0.9999999986440647,,,0.9999999986440647,
-7.324437030859045,0.9999999987429563,,,0.9999999987429563,
-7.154295246038373,0.9999999988346355,,,0.9999999988346355,
-6.984153461217687,0.9999999989196283,,,0.9999999989196283,
-6.814011676397001,0.9999999989984225,,,0.9999999989984225,
-6.6438698915763155,0.99999999907147,,,0.99999999907147,
-6.47372810675563,0.9999999991391898,,,0.9999999991391898,
-6.303586321934944,0.9999999992019707,,,0.9999999992019707,
-6.133444537114258,0.999999999260173,,,0.999999999260173,
-5.963302752293586,0.9999999993141302,,,0.9999999993141302,
-5.7931609674729,0.9999999993641524,,,0.9999999993641524,
-5.6230191826522145,0.9999999994105262,,,0.9999999994105262,
-5.452877397831529,0.999999999453518,,,0.999999999453518,
-5.282735613010843,0.9999999994933741,,,0.9999999994933741,
-5.112593828190157,0.9999999995303237,,,0.9999999995303237,
-4.942452043369471,0.9999999995645784,,,0.9999999995645784,
-4.772310258548799,0.9999999995963346,,,0.9999999995963346,
-4.602168473728113,0.9999999996257748,,,0.9999999996257748,
-4.432026688907428,0.9999999996530681,,,0.9999999996530681,
-4.261884904086742,0.9999999996783707,,,0.9999999996783707,
-4.091743119266056,0.9999999997018277,,,0.9999999997018277,
-3.92160133444537,0.9999999997235743,,,0.9999999997235743,
-3.751459549624684,0.9999999997437347,,,0.9999999997437347,
-3.5813177648040124,0.9999999997624246,,,0.9999999997624246,
-3.4111759799833266,0.9999999997797515,,,0.9999999997797515,
-3.2410341951626407,0.9999999997958148,,,0.9999999997958148,
-3.070892410341955,0.9999999998107065,,,0.9999999998107065,
-2.900750625521269,0.9999999998245123,,,0.9999999998245123,
-2.730608840700583,0.9999999998373109,,,0.9999999998373109,
-2.560467055879897,0.9999999998491761,,,0.9999999998491761,
-2.3903252710592113,0.9999999998601762,,,0.9999999998601762,
-2.2201834862385397,0.9999999998703738,,,0.9999999998703738,
-2.050041701417854,0.9999999998798278,,,0.9999999998798278,
-1.879899916597168,0.9999999998885921,,,0.9999999998885921,
-1.709758131776482,0.9999999998967174,,,0.9999999998967174,
-1.5396163469557962,0.9999999999042499,,,0.9999999999042499,
-1.3694745621351103,0.9999999999112333,,,0.9999999999112333,
-1.1993327773144244,0.9999999999177074,,,0.9999999999177074,
-1.0291909924937528,0.999999999923709,,,0.999999999923709,
-0.8590492076730669,0.9999999999292732,,,0.9999999999292732,
-0.688907422852381,0.9999999999344314,,,0.9999999999344314,
-0.5187656380316952,0.9999999999392134,,,0.9999999999392134,
-0.3486238532110093,0.9999999999436469,,,0.9999999999436469,
-0.17848206839032343,0.9999999999477568,,,0.9999999999477568,
-0.008340283569637563,0.9999999999515671,,,0.9999999999515671,
0.1618015012510341,0.9999999999550994,,,0.9999999999550994,
0.33194328607171997,0.9999999999583741,,,0.9999999999583741,
0.5020850708924058,0.99999999996141,,,0.99999999996141,
0.6722268557130917,0.9999999999642243,,,0.9999999999642243,
0.8423686405337776,0.9999999999668335,,,0.9999999999668335,
1.0125104253544635,0.9999999999692525,,,0.9999999999692525,
1.1826522101751493,0.9999999999714949,,,0.9999999999714949,
1.352793994995821,0.9999999999735738,,,0.9999999999735738,
1.5229357798165069,0.9999999999755012,,,0.9999999999755012,
1.6930775646371927,0.9999999999772878,,,0.9999999999772878,
1.8632193494578786,0.9999999999789444,,,0.9999999999789444,
2.0333611342785645,0.9999999999804801,,,0.9999999999804801,
2.2035029190992503,0.9999999999819035,,,0.9999999999819035,
2.373644703919936,0.9999999999832233,,,0.9999999999832233,
2.543786488740608,0.999999999984447,,,0.999999999984447,
2.7139282735612937,0.9999999999855812,,,0.9999999999855812,
2.8840700583819796,0.9999999999866329,,,0.9999999999866329,
3.0542118432026655,0.9999999999876077,,,0.9999999999876077,
3.2243536280233513,0.9999999999885114,,,0.9999999999885114,
3.394495412844037,0.9999999999893495,,,0.9999999999893495,
3.564637197664723,0.9999999999901261,,,0.9999999999901261,
3.734778982485409,0.9999999999908462,,,0.9999999999908462,
3.9049207673060806,0.9999999999915138,,,0.9999999999915138,
4.0750625521267665,0.9999999999921327,,,0.9999999999921327,
4.245204336947452,0.9999999999927066,,,0.9999999999927066,
4.415346121768138,0.9999999999932385,,,0.9999999999932385,
4.585487906588824,0.9999999999937317,,,0.9999999999937317,
4.75562969140951,0.9999999999941888,,,0.9999999999941888,
4.925771476230196,0.9999999999946125,,,0.9999999999946125,
5.0959132610508675,0.9999999999950054,,,0.9999999999950054,
5.266055045871553,0.9999999999953698,,,0.9999999999953698,
5.436196830692239,0.9999999999957074,,,0.9999999999957074,
5.606338615512925,0.9999999999960205,,,0.9999999999960205,
5.776480400333611,0.9999999999963106,,,0.9999999999963106,
5.946622185154297,0.9999999999965797,,,0.9999999999965797,
6.116763969974983,0.9999999999968292,,,0.9999999999968292,
6.286905754795669,0.9999999999970606,,,0.9999999999970606,
6.4570475396163545,0.9999999999972748,,,0.9999999999972748,
6.62718932443704,0.9999999999974735,,,0.9999999999974735,
6.797331109257726,0.9999999999976578,,,0.9999999999976578,
6.967472894078384,0.9999999999978287,,,0.9999999999978287,
7.1376146788990695,0.9999999999979869,,,0.9999999999979869,
7.307756463719755,0.9999999999981337,,,0.9999999999981337,
7.477898248540441,0.9999999999982698,,,0.9999999999982698,
7.648040033361127,0.9999999999983962,,,0.9999999999983962,
7.818181818181813,0.9999999999985132,,,0.9999999999985132,
7.988323603002499,0.9999999999986214,,,0.9999999999986214,
8.158465387823185,0.999999999998722,,,0.999999999998722,
8.32860717264387,0.9999999999988153,,,0.9999999999988153,
8.498748957464556,0.9999999999989017,,,0.9999999999989017,
8.668890742285242,0.9999999999989818,,,0.9999999999989818,
8.839032527105928,0.999999999999056,,,0.999999999999056,
9.009174311926614,0.9999999999991247,,,0.9999999999991247,
9.1793160967473,0.9999999999991886,,,0.9999999999991886,
9.349457881567957,0.9999999999992477,,,0.9999999999992477,
9.519599666388643,0.9999999999993026,,,0.9999999999993026,
9.68974145120933,0.9999999999993534,,,0.9999999999993534,
9.859883236030015,0.9999999999994007,,,0.9999999999994007,
10.030025020850701,0.9999999999994444,,,0.9999999999994444,
10.200166805671387,0.9999999999994849,,,0.9999999999994849,
10.370308590492073,0.9999999999995224,,,0.9999999999995224,
10.540450375312759,0.9999999999995572,,,0.9999999999995572,
10.710592160133444,0.9999999999995897,,,0.9999999999995897,
10.88073394495413,0.9999999999996194,,,0.9999999999996194,
11.050875729774816,0.9999999999996472,,,0.9999999999996472,
11.221017514595502,0.9999999999996729,,,0.9999999999996729,
11.391159299416188,0.9999999999996969,,,0.9999999999996969,
11.561301084236874,0.9999999999997188,,,0.9999999999997188,
11.73144286905756,0.9999999999997394,,,0.9999999999997394,
11.901584653878217,0.9999999999997583,,,0.9999999999997583,
12.071726438698903,0.9999999999997758,,,0.9999999999997758,
12.241868223519589,0.9999999999997923,,,0.9999999999997923,
12.412010008340275,0.9999999999998074,,,0.9999999999998074,
12.58215179316096,0.9999999999998214,,,0.9999999999998214,
12.752293577981646,0.9999999999998345,,,0.9999999999998345,
12.922435362802332,0.9999999999998465,,,0.9999999999998465,
13.092577147623018,0.9999999999998578,,,0.9999999999998578,
13.262718932443704,0.999999999999868,,,0.999999999999868,
13.43286071726439,0.9999999999998778,,,0.9999999999998778,
13.603002502085076,0.9999999999998866,,,0.9999999999998866,
13.773144286905762,0.9999999999998949,,,0.9999999999998949,
13.943286071726448,0.9999999999999026,,,0.9999999999999026,
14.113427856547133,0.9999999999999097,,,0.9999999999999097,
14.28356964136779,0.9999999999999162,,,0.9999999999999162,
14.453711426188477,0.9999999999999224,,,0.9999999999999224,
14.623853211009163,0.999999999999928,,,0.999999999999928,
14.793994995829848,0.9999999999999333,,,0.9999999999999333,
14.964136780650534,0.9999999999999382,,,0.9999999999999382,
15.13427856547122,0.9999999999999426,,,0.9999999999999426,
15.304420350291906,0.9999999999999468,,,0.9999999999999468,
15.474562135112592,0.9999999999999506,,,0.9999999999999506,
15.644703919933278,0.9999999999999541,,,0.9999999999999541,
15.814845704753964,0.9999999999999575,,,0.9999999999999575,
15.98498748957465,0.9999999999999606,,,0.9999999999999606,
16.155129274395335,0.9999999999999635,,,0.9999999999999635,
16.32527105921602,0.9999999999999661,,,0.9999999999999661,
16.495412844036707,0.9999999999999686,,,0.9999999999999686,
16.665554628857365,0.9999999999999708,,,0.9999999999999708,
16.83569641367805,0.999999999999973,,,0.999999999999973,
17.005838198498736,0.999999999999975,,,0.999999999999975,
17.175979983319422,0.9999999999999768,,,0.9999999999999768,
17.346121768140108,0.9999999999999786,,,0.9999999999999786,
17.516263552960794,0.9999999999999801,,,0.9999999999999801,
17.68640533778148,0.9999999999999815,,,0.9999999999999815,
17.856547122602166,0.9999999999999828,,,0.9999999999999828,
18.02668890742285,0.9999999999999841,,,0.9999999999999841,
18.196830692243537,0.9999999999999852,,,0.9999999999999852,
18.366972477064223,0.9999999999999863,,,0.9999999999999863,
18.53711426188491,0.9999999999999872,,,0.9999999999999872,
18.707256046705595,0.9999999999999881,,,0.9999999999999881,
18.87739783152628,0.999999999999989,,,0.999999999999989,
19.047539616346967,0.9999999999999899,,,0.9999999999999899,
19.217681401167624,0.9999999999999906,,,0.9999999999999906,
19.38782318598831,0.9999999999999912,,,0.9999999999999912,
19.557964970808996,0.9999999999999919,,,0.9999999999999919,
19.728106755629682,0.9999999999999926,,,0.9999999999999926,
19.898248540450368,0.999999999999993,,,0.999999999999993,
20.068390325271054,0.9999999999999934,,,0.9999999999999934,
20.23853211009174,0.9999999999999939,,,0.9999999999999939,
20.408673894912425,0.9999999999999943,,,0.9999999999999943,
20.57881567973311,0.9999999999999948,,,0.9999999999999948,
20.748957464553797,0.9999999999999952,,,0.9999999999999952,
20.919099249374483,0.9999999999999954,,,0.9999999999999954,
21.08924103419517,0.9999999999999959,,,0.9999999999999959,
21.259382819015855,0.9999999999999961,,,0.9999999999999961,
21.42952460383654,0.9999999999999963,,,0.9999999999999963,
21.599666388657198,0.9999999999999966,,,0.9999999999999966,
21.769808173477884,0.999999999999997,,,0.999999999999997,
21.93994995829857,0.9999999999999972,,,0.9999999999999972,
22.110091743119256,0.9999999999999972,,,0.9999999999999972,
22.28023352793994,0.9999999999999974,,,0.9999999999999974,
22.450375312760627,0.9999999999999977,,,0.9999999999999977,
22.620517097581313,0.9999999999999979,,,0.9999999999999979,
22.790658882402,0.9999999999999979,,,0.9999999999999979,
22.960800667222685,0.9999999999999981,,,0.9999999999999981,
23.13094245204337,0.9999999999999983,,,0.9999999999999983,
23.301084236864057,0.9999999999999983,,,0.9999999999999983,
23.471226021684743,0.9999999999999986,,,0.9999999999999986,
23.64136780650543,0.9999999999999986,,,0.9999999999999986,
23.811509591326114,0.9999999999999988,,,0.9999999999999988,
23.9816513761468,0.9999999999999988,,,0.9999999999999988,
24.151793160967458,0.9999999999999988,,,0.9999999999999988,
24.321934945788144,0.999999999999999,,,0.999999999999999,
24.49207673060883,0.999999999999999,,,0.999999999999999,
24.662218515429515,0.999999999999999,,,0.999999999999999,
24.8323603002502,0.9999999999999992,,,0.9999999999999992,
25.002502085070887,0.9999999999999992,,,0.9999999999999992,
25.172643869891573,0.9999999999999992,,,0.9999999999999992,
25.34278565471226,0.9999999999999992,,,0.9999999999999992,
25.512927439532945,0.9999999999999992,,,0.9999999999999992,
25.68306922435363,0.9999999999999994,,,0.9999999999999994,
25.853211009174316,0.9999999999999994,,,0.9999999999999994,
26.023352793995002,0.9999999999999994,,,0.9999999999999994,
26.193494578815688,0.9999999999999994,,,0.9999999999999994,
26.363636363636374,0.9999999999999994,,,0.9999999999999994,
26.53377814845703,0.9999999999999994,,,0.9999999999999994,
26.703919933277717,0.9999999999999997,,,0.9999999999999997,
26.874061718098403,0.9999999999999997,,,0.9999999999999997,
27.04420350291909,0.9999999999999997,,,0.9999999999999997,
27.214345287739775,0.9999999999999997,,,0.9999999999999997,
27.38448707256046,0.9999999999999997,,,0.9999999999999997,
27.554628857381147,0.9999999999999997,,,0.9999999999999997,
27.724770642201833,0.9999999999999997,,,0.9999999999999997,
27.89491242702252,0.9999999999999997,,,0.9999999999999997,
28.065054211843204,0.9999999999999997,,,0.9999999999999997,
28.23519599666389,0.9999999999999997,,,0.9999999999999997,
28.405337781484576,0.9999999999999997,,,0.9999999999999997,
28.575479566305262,0.9999999999999997,,,0.9999999999999997,
28.745621351125948,0.9999999999999997,,,0.9999999999999997,
28.915763135946605,0.9999999999999997,,,0.9999999999999997,
29.08590492076729,0.9999999999999997,,,0.9999999999999997,
29.256046705587977,0.9999999999999999,,,0.9999999999999999,
29.426188490408663,0.9999999999999999,,,0.9999999999999999,
29.59633027522935,0.9999999999999999,,,0.9999999999999999,
29.766472060050035,0.9999999999999999,,,0.9999999999999999,
29.93661384487072,0.9999999999999999,,,0.9999999999999999,
30.106755629691406,0.9999999999999999,,,0.9999999999999999,
30.276897414512092,0.9999999999999999,,,0.9999999999999999,
30.447039199332778,0.9999999999999999,,,0.9999999999999999,
30.617180984153464,0.9999999999999999,,,0.9999999999999999,
30.78732276897415,0.9999999999999999,,,0.9999999999999999,
30.957464553794836,0.9999999999999999,,,0.9999999999999999,
31.12760633861552,0.9999999999999999,,,0.9999999999999999,
31.297748123436207,0.9999999999999999,,,0.9999999999999999,
31.467889908256865,0.9999999999999999,,,0.9999999999999999,
31.63803169307755,0.9999999999999999,,,0.9999999999999999,
31.808173477898237,0.9999999999999999,,,0.9999999999999999,
31.978315262718922,0.9999999999999999,,,0.9999999999999999,
32.14845704753961,0.9999999999999999,,,0.9999999999999999,
32.318598832360294,0.9999999999999999,,,0.9999999999999999,
32.48874061718098,0.9999999999999999,,,0.9999999999999999,
32.658882402001666,0.9999999999999999,,,0.9999999999999999,
32.82902418682235,0.9999999999999999,,,0.9999999999999999,
32.99916597164304,0.9999999999999999,,,0.9999999999999999,
33.16930775646372,0.9999999999999999,,,0.9999999999999999,
33.33944954128441,0.9999999999999999,,,0.9999999999999999,
33.509591326105095,0.9999999999999999,,,0.9999999999999999,
33.67973311092578,0.9999999999999999,,,0.9999999999999999,
33.84987489574644,0.9999999999999999,,,0.9999999999999999,
34.020016680567124,0.9999999999999999,,,0.9999999999999999,
34.19015846538781,0.9999999999999999,,,0.9999999999999999,
34.360300250208496,0.9999999999999999,,,0.9999999999999999,
34.53044203502918,0.9999999999999999,,,0.9999999999999999,
34.70058381984987,0.9999999999999999,,,0.9999999999999999,
34.870725604670554,0.9999999999999999,,,0.9999999999999999,
35.04086738949124,0.9999999999999999,,,0.9999999999999999,
35.211009174311926,0.9999999999999999,,,0.9999999999999999,
35.38115095913261,0.9999999999999999,,,0.9999999999999999,
35.5512927439533,0.9999999999999999,,,0.9999999999999999,
35.72143452877398,0.9999999999999999,,,0.9999999999999999,
35.89157631359467,0.9999999999999999,,,0.9999999999999999,
36.061718098415355,0.9999999999999999,,,0.9999999999999999,
36.23185988323604,0.9999999999999999,,,0.9999999999999999,
36.4020016680567,0.9999999999999999,,,0.9999999999999999,
36.572143452877384,0.9999999999999999,,,0.9999999999999999,
36.74228523769807,0.9999999999999999,,,0.9999999999999999,
36.912427022518756,0.9999999999999999,,,0.9999999999999999,
37.08256880733944,0.9999999999999999,,,0.9999999999999999,
37.25271059216013,0.9999999999999999,,,0.9999999999999999,
37.42285237698081,0.9999999999999999,,,0.9999999999999999,
37.5929941618015,0.9999999999999999,,,0.9999999999999999,
37.763135946622185,0.9999999999999999,,,0.9999999999999999,
37.93327773144287,0.9999999999999999,,,0.9999999999999999,
38.10341951626356,0.9999999999999999,,,0.9999999999999999,
38.27356130108424,0.9999999999999999,,,0.9999999999999999,
38.44370308590493,0.9999999999999999,,,0.9999999999999999,
38.613844870725615,0.9999999999999999,,,0.9999999999999999,
38.78398665554627,0.9999999999999999,,,0.9999999999999999,
38.95412844036696,0.9999999999999999,,,0.9999999999999999,
39.124270225187644,0.9999999999999999,,,0.9999999999999999,
39.29441201000833,0.9999999999999999,,,0.9999999999999999,
39.464553794829015,0.9999999999999999,,,0.9999999999999999,
39.6346955796497,0.9999999999999999,,,0.9999999999999999,
39.80483736447039,0.9999999999999999,,,0.9999999999999999,
39.97497914929107,0.9999999999999999,,,0.9999999999999999,
40.14512093411176,0.9999999999999999,,,0.9999999999999999,
40.315262718932445,0.9999999999999999,,,0.9999999999999999,
40.48540450375313,0.9999999999999999,,,0.9999999999999999,
40.65554628857382,0.9999999999999999,,,0.9999999999999999,
40.8256880733945,0.9999999999999999,,,0.9999999999999999,
40.99582985821519,0.9999999999999999,,,0.9999999999999999,
41.165971643035874,0.9999999999999999,,,0.9999999999999999,
41.33611342785653,0.9999999999999999,,,0.9999999999999999,
41.50625521267722,0.9999999999999999,,,0.9999999999999999,
41.6763969974979,0.9999999999999999,,,0.9999999999999999,
41.84653878231859,0.9999999999999999,,,0.9999999999999999,
42.016680567139275,0.9999999999999999,,,0.9999999999999999,
42.18682235195996,0.9999999999999999,,,0.9999999999999999,
42.35696413678065,0.9999999999999999,,,0.9999999999999999,
42.52710592160133,0.9999999999999999,,,0.9999999999999999,
42.69724770642202,0.9999999999999999,,,0.9999999999999999,
42.867389491242704,0.9999999999999999,,,0.9999999999999999,
43.03753127606339,0.9999999999999999,,,0.9999999999999999,
43.207673060884076,0.9999999999999999,,,0.9999999999999999,
43.37781484570476,0.9999999999999999,,,0.9999999999999999,
43.54795663052545,0.9999999999999999,,,0.9999999999999999,
43.718098415346105,0.9999999999999999,,,0.9999999999999999,
43.88824020016679,0.9999999999999999,,,0.9999999999999999,
44.05838198498748,0.9999999999999999,,,0.9999999999999999,
44.22852376980816,0.9999999999999999,,,0.9999999999999999,
44.39866555462885,0.9999999999999999,,,0.9999999999999999,
44.568807339449535,0.9999999999999999,,,0.9999999999999999,
44.73894912427022,0.9999999999999999,,,0.9999999999999999,
44.90909090909091,0.9999999999999999,,,0.9999999999999999,
45.07923269391159,0.9999999999999999,,,0.9999999999999999,
45.24937447873228,0.9999999999999999,,,0.9999999999999999,
45.419516263552964,0.9999999999999999,,,0.9999999999999999,
45.58965804837365,0.9999999999999999,,,0.9999999999999999,
45.759799833194336,0.9999999999999999,,,0.9999999999999999,
45.92994161801502,0.9999999999999999,,,0.9999999999999999,
46.10008340283568,0.9999999999999999,,,0.9999999999999999,
46.270225187656365,0.9999999999999999,,,0.9999999999999999,
46.44036697247705,0.9999999999999999,,,0.9999999999999999,
46.61050875729774,0.9999999999999999,,,0.9999999999999999,
46.78065054211842,0.9999999999999999,,,0.9999999999999999,
46.95079232693911,0.9999999999999999,,,0.9999999999999999,
47.120934111759794,0.9999999999999999,,,0.9999999999999999,
47.29107589658048,0.9999999999999999,,,0.9999999999999999,
47.461217681401166,0.9999999999999999,,,0.9999999999999999,
47.63135946622185,0.9999999999999999,,,0.9999999999999999,
47.80150125104254,0.9999999999999999,,,0.9999999999999999,
47.971643035863224,0.9999999999999999,,,0.9999999999999999,
48.14178482068391,0.9999999999999999,,,0.9999999999999999,
48.311926605504595,0.9999999999999999,,,0.9999999999999999,
48.48206839032528,0.9999999999999999,,,0.9999999999999999,
48.65221017514594,0.9999999999999999,,,0.9999999999999999,
48.822351959966625,0.9999999999999999,,,0.9999999999999999,
48.99249374478731,0.9999999999999999,,,0.9999999999999999,
49.162635529607996,0.9999999999999999,,,0.9999999999999999,
49.33277731442868,0.9999999999999999,,,0.9999999999999999,
49.50291909924937,0.9999999999999999,,,0.9999999999999999,
49.673060884070054,0.9999999999999999,,,0.9999999999999999,
49.84320266889074,0.9999999999999999,,,0.9999999999999999,
50.013344453711426,0.9999999999999999,,,0.9999999999999999,
50.18348623853211,0.9999999999999999,,,0.9999999999999999,
50.3536280233528,0.9999999999999999,,,0.9999999999999999,
50.52376980817348,0.9999999999999999,,,0.9999999999999999,
50.69391159299417,0.9999999999999999,,,0.9999999999999999,
50.864053377814855,0.9999999999999999,,,0.9999999999999999,
51.03419516263551,0.9999999999999999,,,0.9999999999999999,
51.2043369474562,0.9999999999999999,,,0.9999999999999999,
51.374478732276884,0.9999999999999999,,,0.9999999999999999,
51.54462051709757,0.9999999999999999,,,0.9999999999999999,
51.714762301918256,0.9999999999999999,,,0.9999999999999999,
51.88490408673894,0.9999999999999999,,,0.9999999999999999,
52.05504587155963,0.9999999999999999,,,0.9999999999999999,
52.225187656380314,0.9999999999999999,,,0.9999999999999999,
52.395329441201,0.9999999999999999,,,0.9999999999999999,
52.565471226021685,0.9999999999999999,,,0.9999999999999999,
52.73561301084237,0.9999999999999999,,,0.9999999999999999,
52.90575479566306,0.9999999999999999,,,0.9999999999999999,
53.07589658048374,0.9999999999999999,,,0.9999999999999999,
53.24603836530443,0.9999999999999999,,,0.9999999999999999,
53.416180150125115,0.9999999999999999,,,0.9999999999999999,
53.58632193494577,0.9999999999999999,,,0.9999999999999999,
53.75646371976646,0.9999999999999999,,,0.9999999999999999,
53.926605504587144,0.9999999999999999,,,0.9999999999999999,
54.09674728940783,0.9999999999999999,,,0.9999999999999999,
54.266889074228516,0.9999999999999999,,,0.9999999999999999,
54.4370308590492,0.9999999999999999,,,0.9999999999999999,
54.60717264386989,0.9999999999999999,,,0.9999999999999999,
54.77731442869057,0.9999999999999999,,,0.9999999999999999,
54.94745621351126,0.9999999999999999,,,0.9999999999999999,
55.117597998331945,0.9999999999999999,,,0.9999999999999999,
55.28773978315263,0.9999999999999999,,,0.9999999999999999,
55.45788156797332,0.9999999999999999,,,0.9999999999999999,
55.628023352794,0.9999999999999999,,,0.9999999999999999,
55.79816513761469,0.9999999999999999,,,0.9999999999999999,
55.968306922435346,0.9999999999999999,,,0.9999999999999999,
56.13844870725603,0.9999999999999999,,,0.9999999999999999,
56.30859049207672,0.9999999999999999,,,0.9999999999999999,
56.478732276897404,0.9999999999999999,,,0.9999999999999999,
56.64887406171809,0.9999999999999999,,,0.9999999999999999,
56.819015846538775,0.9999999999999999,,,0.9999999999999999,
56.98915763135946,0.9999999999999999,,,0.9999999999999999,
57.15929941618015,0.9999999999999999,,,0.9999999999999999,
57.32944120100083,0.9999999999999999,,,0.9999999999999999,
57.49958298582152,0.9999999999999999,,,0.9999999999999999,
57.669724770642205,0.9999999999999999,,,0.9999999999999999,
57.83986655546289,0.9999999999999999,,,0.9999999999999999,
58.010008340283576,0.9999999999999999,,,0.9999999999999999,
58.18015012510426,0.9999999999999999,,,0.9999999999999999,
58.35029190992495,0.9999999999999999,,,0.9999999999999999,
58.520433694745606,0.9999999999999999,,,0.9999999999999999,
58.69057547956629,0.9999999999999999,,,0.9999999999999999,
58.86071726438698,0.9999999999999999,,,0.9999999999999999,
59.03085904920766,0.9999999999999999,,,0.9999999999999999,
59.20100083402835,0.9999999999999999,,,0.9999999999999999,
59.371142618849035,0.9999999999999999,,,0.9999999999999999,
59.54128440366972,0.9999999999999999,,,0.9999999999999999,
59.71142618849041,0.9999999999999999,,,0.9999999999999999,
59.88156797331109,0.9999999999999999,,,0.9999999999999999,
60.05170975813178,0.9999999999999999,,,0.9999999999999999,
60.221851542952464,0.9999999999999999,,,0.9999999999999999,
60.39199332777315,0.9999999999999999,,,0.9999999999999999,
60.562135112593836,0.9999999999999999,,,0.9999999999999999,
60.73227689741452,0.9999999999999999,,,0.9999999999999999,
60.90241868223518,0.9999999999999999,,,0.9999999999999999,
61.072560467055865,0.9999999999999999,,,0.9999999999999999,
61.24270225187655,0.9999999999999999,,,0.9999999999999999,
61.41284403669724,0.9999999999999999,,,0.9999999999999999,
61.58298582151792,0.9999999999999999,,,0.9999999999999999,
61.75312760633861,0.9999999999999999,,,0.9999999999999999,
61.923269391159295,0.9999999999999999,,,0.9999999999999999,
62.09341117597998,0.9999999999999999,,,0.9999999999999999,
62.263552960800666,0.9999999999999999,,,0.9999999999999999,
62.43369474562135,0.9999999999999999,,,0.9999999999999999,
62.60383653044204,0.9999999999999999,,,0.9999999999999999,
62.773978315262724,0.9999999999999999,,,0.9999999999999999,
62.94412010008341,0.9999999999999999,,,0.9999999999999999,
63.114261884904096,0.9999999999999999,,,0.9999999999999999,
63.28440366972475,0.9999999999999999,,,0.9999999999999999,
63.45454545454544,0.9999999999999999,,,0.9999999999999999,
63.624687239366125,0.9999999999999999,,,0.9999999999999999,
63.79482902418681,0.9999999999999999,,,0.9999999999999999,
63.9649708090075,0.9999999999999999,,,0.9999999999999999,
64.13511259382818,0.9999999999999999,,,0.9999999999999999,
64.30525437864887,0.9999999999999999,,,0.9999999999999999,
64.47539616346955,0.9999999999999999,,,0.9999999999999999,
64.64553794829024,0.9999999999999999,,,0.9999999999999999,
64.81567973311093,0.9999999999999999,,,0.9999999999999999,
64.98582151793161,0.9999999999999999,,,0.9999999999999999,
65.1559633027523,0.9999999999999999,,,0.9999999999999999,
65.32610508757298,0.9999999999999999,,,0.9999999999999999,
65.49624687239367,0.9999999999999999,,,0.9999999999999999,
65.66638865721436,0.9999999999999999,,,0.9999999999999999,
65.83653044203501,0.9999999999999999,,,0.9999999999999999,
66.0066722268557,0.9999999999999999,,,0.9999999999999999,
66.17681401167638,0.9999999999999999,,,0.9999999999999999,
66.34695579649707,0.9999999999999999,,,0.9999999999999999,
66.51709758131776,0.9999999999999999,,,0.9999999999999999,
66.68723936613844,0.9999999999999999,,,0.9999999999999999,
66.85738115095913,0.9999999999999999,,,0.9999999999999999,
67.02752293577981,0.9999999999999999,,,0.9999999999999999,
67.1976647206005,0.9999999999999999,,,0.9999999999999999,
67.36780650542119,0.9999999999999999,,,0.9999999999999999,
67.53794829024187,0.9999999999999999,,,0.9999999999999999,
67.70809007506256,0.9999999999999999,,,0.9999999999999999,
67.87823185988324,0.9999999999999999,,,0.9999999999999999,
68.04837364470393,0.9999999999999999,,,0.9999999999999999,
68.21851542952459,0.9999999999999999,,,0.9999999999999999,
68.38865721434527,0.9999999999999999,,,0.9999999999999999,
68.55879899916596,0.9999999999999999,,,0.9999999999999999,
68.72894078398664,0.9999999999999999,,,0.9999999999999999,
68.89908256880733,0.9999999999999999,,,0.9999999999999999,
69.06922435362802,0.9999999999999999,,,0.9999999999999999,
69.2393661384487,0.9999999999999999,,,0.9999999999999999,
69.40950792326939,0.9999999999999999,,,0.9999999999999999,
69.57964970809007,0.9999999999999999,,,0.9999999999999999,
69.74979149291076,0.9999999999999999,,,0.9999999999999999,
69.91993327773145,0.9999999999999999,,,0.9999999999999999,
70.09007506255213,0.9999999999999999,,,0.9999999999999999,
70.26021684737282,0.9999999999999999,,,0.9999999999999999,
70.4303586321935,0.9999999999999999,,,0.9999999999999999,
70.60050041701419,0.9999999999999999,,,0.9999999999999999,
70.77064220183485,0.9999999999999999,,,0.9999999999999999,
70.94078398665553,0.9999999999999999,,,0.9999999999999999,
71.11092577147622,0.9999999999999999,,,0.9999999999999999,
71.2810675562969,0.9999999999999999,,,0.9999999999999999,
71.45120934111759,0.9999999999999999,,,0.9999999999999999,
71.62135112593828,0.9999999999999999,,,0.9999999999999999,
71.79149291075896,0.9999999999999999,,,0.9999999999999999,
71.96163469557965,0.9999999999999999,,,0.9999999999999999,
72.13177648040033,0.9999999999999999,,,0.9999999999999999,
72.30191826522102,0.9999999999999999,,,0.9999999999999999,
72.4720600500417,0.9999999999999999,,,0.9999999999999999,
72.64220183486239,0.9999999999999999,,,0.9999999999999999,
72.81234361968308,0.9999999999999999,,,0.9999999999999999,
72.98248540450376,0.9999999999999999,,,0.9999999999999999,
73.15262718932442,0.9999999999999999,,,0.9999999999999999,
73.3227689741451,0.9999999999999999,,,0.9999999999999999,
73.49291075896579,0.9999999999999999,,,0.9999999999999999,
73.66305254378648,0.9999999999999999,,,0.9999999999999999,
73.83319432860716,0.9999999999999999,,,0.9999999999999999,
74.00333611342785,0.9999999999999999,,,0.9999999999999999,
74.17347789824854,0.9999999999999999,,,0.9999999999999999,
74.34361968306922,0.9999999999999999,,,0.9999999999999999,
74.5137614678899,0.9999999999999999,,,0.9999999999999999,
74.68390325271059,0.9999999999999999,,,0.9999999999999999,
74.85404503753128,0.9999999999999999,,,0.9999999999999999,
75.02418682235196,0.9999999999999999,,,0.9999999999999999,
75.19432860717265,0.9999999999999999,,,0.9999999999999999,
75.36447039199334,0.9999999999999999,,,0.9999999999999999,
75.53461217681402,0.9999999999999999,,,0.9999999999999999,
75.70475396163468,0.9999999999999999,,,0.9999999999999999,
75.87489574645537,0.9999999999999999,,,0.9999999999999999,
76.04503753127605,0.9999999999999999,,,0.9999999999999999,
76.21517931609674,0.9999999999999999,,,0.9999999999999999,
76.38532110091742,0.9999999999999999,,,0.9999999999999999,
76.55546288573811,0.9999999999999999,,,0.9999999999999999,
76.7256046705588,0.9999999999999999,,,0.9999999999999999,
76.89574645537948,0.9999999999999999,,,0.9999999999999999,
77.06588824020017,0.9999999999999999,,,0.9999999999999999,
77.23603002502085,0.9999999999999999,,,0.9999999999999999,
77.40617180984154,0.9999999999999999,,,0.9999999999999999,
77.57631359466222,0.9999999999999999,,,0.9999999999999999,
77.74645537948291,0.9999999999999999,,,0.9999999999999999,
77.9165971643036,0.9999999999999999,,,0.9999999999999999,
78.08673894912425,0.9999999999999999,,,0.9999999999999999,
78.25688073394494,0.9999999999999999,,,0.9999999999999999,
78.42702251876563,0.9999999999999999,,,0.9999999999999999,
78.59716430358631,0.9999999999999999,,,0.9999999999999999,
78.767306088407,0.9999999999999999,,,0.9999999999999999,
78.93744787322768,0.9999999999999999,,,0.9999999999999999,
79.10758965804837,0.9999999999999999,,,0.9999999999999999,
79.27773144286905,0.9999999999999999,,,0.9999999999999999,
79.44787322768974,0.9999999999999999,,,0.9999999999999999,
79.61801501251043,0.9999999999999999,,,0.9999999999999999,
79.78815679733111,0.9999999999999999,,,0.9999999999999999,
79.9582985821518,0.9999999999999999,,,0.9999999999999999,
80.12844036697248,0.9999999999999999,,,0.9999999999999999,
80.29858215179317,0.9999999999999999,,,0.9999999999999999,
80.46872393661383,0.9999999999999999,,,0.9999999999999999,
80.63886572143451,0.9999999999999999,,,0.9999999999999999,
80.8090075062552,0.9999999999999999,,,0.9999999999999999,
80.97914929107588,0.9999999999999999,,,0.9999999999999999,
81.14929107589657,0.9999999999999999,,,0.9999999999999999,
81.31943286071726,0.9999999999999999,,,0.9999999999999999,
81.48957464553794,0.9999999999999999,,,0.9999999999999999,
81.65971643035863,0.9999999999999999,,,0.9999999999999999,
81.82985821517931,0.9999999999999999,,,0.9999999999999999,
82.0,0.9999999999999999,,,0.9999999999999999,
-122.0,0.978874736239452,,,,0.978874736239452
-121.82985821517931,0.9787534874670963,,,,0.9787534874670963
-121.65971643035863,0.978629922888678,,,,0.978629922888678
-121.48957464553794,0.9785039988787303,,,,0.9785039988787303
-121.31943286071727,0.9783756710134632,,,,0.9783756710134632
-121.14929107589658,0.9782448940570694,,,,0.9782448940570694
-120.9791492910759,0.9781116219478315,,,,0.9781116219478315
-120.80900750625521,0.9779758077840296,,,,0.9779758077840296
-120.63886572143453,0.9778374038096461,,,,0.9778374038096461
-120.46872393661384,0.9776963613998685,,,,0.9776963613998685
-120.29858215179316,0.9775526310463889,,,,0.9775526310463889
-120.12844036697248,0.9774061623424969,,,,0.9774061623424969
-119.9582985821518,0.9772569039679669,,,,0.9772569039679669
-119.78815679733111,0.9771048036737394,,,,0.9771048036737394
-119.61801501251043,0.976949808266392,,,,0.976949808266392
-119.44787322768974,0.9767918635924033,,,,0.9767918635924033
-119.27773144286905,0.9766309145222071,,,,0.9766309145222071
-119.10758965804837,0.9764669049340355,,,,0.9764669049340355
-118.93744787322768,0.9762997776975532,,,,0.9762997776975532
-118.76730608840701,0.9761294746572781,,,,0.9761294746572781
-118.59716430358633,0.9759559366157939,,,,0.9759559366157939
-118.42702251876564,0.9757791033167493,,,,0.9757791033167493
-118.25688073394495,0.9755989134276468,,,,0.9755989134276468
-118.08673894912427,0.97541530452242,,,,0.97541530452242
-117.91659716430358,0.9752282130637997,,,,0.9752282130637997
-117.7464553794829,0.9750375743854726,,,,0.9750375743854726
-117.57631359466222,0.9748433226740251,,,,0.9748433226740251
-117.40617180984154,0.9746453909506838,,,,0.9746453909506838
-117.23603002502085,0.9744437110528448,,,,0.9744437110528448
-117.06588824020017,0.9742382136153973,,,,0.9742382136153973
-116.89574645537948,0.9740288280518423,,,,0.9740288280518423
-116.7256046705588,0.9738154825352076,,,,0.9738154825352076
-116.55546288573811,0.9735981039787603,,,,0.9735981039787603
-116.38532110091744,0.973376618016521,,,,0.973376618016521
-116.21517931609675,0.9731509489835791,,,,0.9731509489835791
-116.04503753127607,0.972921019896214,,,,0.972921019896214
-115.87489574645538,0.9726867524318246,,,,0.9726867524318246
-115.7047539616347,0.9724480669086678,,,,0.9724480669086678
-115.53461217681401,0.972204882265415,,,,0.972204882265415
-115.36447039199332,0.9719571160405228,,,,0.9719571160405228
-115.19432860717265,0.9717046843514276,,,,0.9717046843514276
-115.02418682235196,0.9714475018735662,,,,0.9714475018735662
-114.85404503753128,0.9711854818192276,,,,0.9711854818192276
-114.68390325271059,0.9709185359162396,,,,0.9709185359162396
-114.5137614678899,0.970646574386498,,,,0.970646574386498
-114.34361968306922,0.9703695059243409,,,,0.9703695059243409
-114.17347789824854,0.9700872376747776,,,,0.9700872376747776
-114.00333611342785,0.9697996752115762,,,,0.9697996752115762
-113.83319432860718,0.9695067225152173,,,,0.9695067225152173
-113.66305254378649,0.9692082819507223,,,,0.9692082819507223
-113.4929107589658,0.9689042542453618,,,,0.9689042542453618
-113.32276897414512,0.968594538466256,,,,0.968594538466256
-113.15262718932443,0.968279031997871,,,,0.968279031997871
-112.98248540450375,0.9679576305194254,,,,0.9679576305194254
-112.81234361968308,0.9676302279822129,,,,0.9676302279822129
-112.64220183486239,0.9672967165868533,,,,0.9672967165868533
-112.4720600500417,0.9669569867604834,,,,0.9669569867604834
-112.30191826522102,0.9666109271338956,,,,0.9666109271338956
-112.13177648040033,0.9662584245186425,,,,0.9662584245186425
-111.96163469557965,0.9658993638841133,,,,0.9658993638841133
-111.79149291075896,0.9655336283346009,,,,0.9655336283346009
-111.62135112593828,0.9651610990863696,,,,0.9651610990863696
-111.4512093411176,0.9647816554447416,,,,0.9647816554447416
-111.28106755629692,0.9643951747812146,,,,0.9643951747812146
-111.11092577147623,0.9640015325106286,,,,0.9640015325106286
-110.94078398665555,0.9636006020683984,,,,0.9636006020683984
-110.77064220183486,0.963192254887827,,,,0.963192254887827
-110.60050041701417,0.9627763603775245,,,,0.9627763603775245
-110.43035863219349,0.9623527858989429,,,,0.9623527858989429
-110.26021684737282,0.9619213967440551,,,,0.9619213967440551
-110.09007506255213,0.9614820561131937,,,,0.9614820561131937
-109.91993327773145,0.9610346250930742,,,,0.9610346250930742
-109.74979149291076,0.9605789626350237,,,,0.9605789626350237
-109.57964970809007,0.9601149255334399,,,,0.9601149255334399
-109.40950792326939,0.9596423684045041,,,,0.9596423684045041
-109.2393661384487,0.9591611436651751,,,,0.9591611436651751
-109.06922435362802,0.9586711015124892,,,,0.9586711015124892
-108.89908256880734,0.9581720899031938,,,,0.9581720899031938
-108.72894078398666,0.9576639545337471,,,,0.9576639545337471
-108.55879899916597,0.9571465388207072,,,,0.9571465388207072
-108.38865721434529,0.9566196838815465,,,,0.9566196838815465
-108.2185154295246,0.9560832285159239,,,,0.9560832285159239
-108.04837364470391,0.9555370091874434,,,,0.9555370091874434
-107.87823185988324,0.9549808600059385,,,,0.9549808600059385
-107.70809007506256,0.9544146127103135,,,,0.9544146127103135
-107.53794829024187,0.9538380966519849,,,,0.9538380966519849
-107.36780650542119,0.9532511387789538,,,,0.9532511387789538
-107.1976647206005,0.952653563620553,,,,0.952653563620553
-107.02752293577981,0.952045193272909,,,,0.952045193272909
-106.85738115095913,0.951425847385162,,,,0.951425847385162
-106.68723936613844,0.950795343146483,,,,0.950795343146483
-106.51709758131777,0.9501534952739378,,,,0.9501534952739378
-106.34695579649708,0.9495001160012422,,,,0.9495001160012422
-106.1768140116764,0.9488350150684557,,,,0.9488350150684557
-106.00667222685571,0.9481579997126613,,,,0.9481579997126613
-105.83653044203503,0.9474688746596869,,,,0.9474688746596869
-105.66638865721434,0.946767442116913,,,,0.946767442116913
-105.49624687239367,0.9460535017672275,,,,0.9460535017672275
-105.32610508757298,0.9453268507641768,,,,0.9453268507641768
-105.1559633027523,0.9445872837283723,,,,0.9445872837283723
-104.98582151793161,0.9438345927452106,,,,0.9438345927452106
-104.81567973311093,0.9430685673639648,,,,0.9430685673639648
-104.64553794829024,0.9422889945983093,,,,0.9422889945983093
-104.47539616346955,0.9414956589283417,,,,0.9414956589283417
-104.30525437864887,0.9406883423041617,,,,0.9406883423041617
-104.13511259382818,0.9398668241510776,,,,0.9398668241510776
-103.96497080900751,0.9390308813765034,,,,0.9390308813765034
-103.79482902418682,0.938180288378617,,,,0.938180288378617
-103.62468723936614,0.9373148170568497,,,,0.9373148170568497
-103.45454545454545,0.9364342368242763,,,,0.9364342368242763
-103.28440366972477,0.9355383146219816,,,,0.9355383146219816
-103.1142618849041,0.9346268149354758,,,,0.9346268149354758
-102.94412010008341,0.9336994998132337,,,,0.9336994998132337
-102.77397831526272,0.9327561288874389,,,,0.9327561288874389
-102.60383653044204,0.931796459397005,,,,0.931796459397005
-102.43369474562135,0.9308202462129603,,,,0.9308202462129603
-102.26355296080067,0.9298272418662727,,,,0.9298272418662727
-102.09341117597998,0.9288171965781965,,,,0.9288171965781965
-101.9232693911593,0.9277898582932286,,,,0.9277898582932286
-101.75312760633861,0.9267449727147543,,,,0.9267449727147543
-101.58298582151794,0.9256822833434707,,,,0.9256822833434707
-101.41284403669725,0.9246015315186712,,,,0.9246015315186712
-101.24270225187657,0.9235024564624827,,,,0.9235024564624827
-101.07256046705588,0.9223847953271395,,,,0.9223847953271395
-100.9024186822352,0.921248283245383,,,,0.921248283245383
-100.73227689741451,0.9200926533840798,,,,0.9200926533840798
-100.56213511259384,0.9189176370011433,,,,0.9189176370011433
-100.39199332777315,0.917722963505851,,,,0.917722963505851
-100.22185154295246,0.9165083605226507,,,,0.9165083605226507
-100.05170975813178,0.9152735539585379,,,,0.9152735539585379
-99.88156797331109,0.9140182680741044,,,,0.9140182680741044
-99.7114261884904,0.9127422255583402,,,,0.9127422255583402
-99.54128440366972,0.9114451476072839,,,,0.9114451476072839
-99.37114261884903,0.9101267540066076,,,,0.9101267540066076
-99.20100083402835,0.9087867632182249,,,,0.9087867632182249
-99.03085904920768,0.9074248924710137,,,,0.9074248924710137
-98.86071726438699,0.9060408578557322,,,,0.9060408578557322
-98.6905754795663,0.9046343744242236,,,,0.9046343744242236
-98.52043369474562,0.9032051562929835,,,,0.9032051562929835
-98.35029190992493,0.9017529167511791,,,,0.9017529167511791
-98.18015012510426,0.9002773683731964,,,,0.9002773683731964
-98.01000834028358,0.8987782231357943,,,,0.8987782231357943
-97.83986655546289,0.8972551925399409,,,,0.8972551925399409
-97.6697247706422,0.8957079877374066,,,,0.8957079877374066
-97.49958298582152,0.8941363196621774,,,,0.8941363196621774
-97.32944120100083,0.8925398991667644,,,,0.8925398991667644
-97.15929941618015,0.8909184371634618,,,,0.8909184371634618
-96.98915763135946,0.8892716447706213,,,,0.8892716447706213
-96.81901584653878,0.8875992334639909,,,,0.8875992334639909
-96.6488740617181,0.8859009152331724,,,,0.8859009152331724
-96.47873227689742,0.884176402743239,,,,0.884176402743239
-96.30859049207673,0.882425409501559,,,,0.882425409501559
-96.13844870725605,0.8806476500298522,,,,0.8806476500298522
-95.96830692243536,0.8788428400415146,,,,0.8788428400415146
-95.79816513761467,0.8770106966242287,,,,0.8770106966242287
-95.628023352794,0.8751509384278788,,,,0.8751509384278788
-95.45788156797332,0.8732632858577765,,,,0.8732632858577765
-95.28773978315263,0.8713474612732004,,,,0.8713474612732004
-95.11759799833195,0.8694031891912414,,,,0.8694031891912414
-94.94745621351126,0.8674301964959396,,,,0.8674301964959396
-94.77731442869057,0.865428212652689,,,,0.865428212652689
-94.60717264386989,0.8633969699278793,,,,0.8633969699278793
-94.4370308590492,0.8613362036137289,,,,0.8613362036137289
-94.26688907422852,0.8592456522582627,,,,0.8592456522582627
-94.09674728940784,0.8571250579003692,,,,0.8571250579003692
-93.92660550458716,0.8549741663098653,,,,0.8549741663098653
-93.75646371976647,0.8527927272324873,,,,0.8527927272324873
-93.58632193494579,0.850580494639711,,,,0.850580494639711
-93.4161801501251,0.8483372269832959,,,,0.8483372269832959
-93.24603836530443,0.8460626874544351,,,,0.8460626874544351
-93.07589658048374,0.8437566442473787,,,,0.8437566442473787
-92.90575479566306,0.841418870827389,,,,0.841418870827389
-92.73561301084237,0.8390491462028693,,,,0.8390491462028693
-92.56547122602169,0.8366472552014953,,,,0.8366472552014953
-92.395329441201,0.8342129887501676,,,,0.8342129887501676
-92.22518765638031,0.8317461441585834,,,,0.8317461441585834
-92.05504587155963,0.8292465254062205,,,,0.8292465254062205
-91.88490408673894,0.8267139434324994,,,,0.8267139434324994
-91.71476230191827,0.8241482164298899,,,,0.8241482164298899
-91.54462051709758,0.8215491701396989,,,,0.8215491701396989
-91.3744787322769,0.818916638150272,,,,0.818916638150272
-91.20433694745621,0.816250462197321,,,,0.816250462197321
-91.03419516263553,0.8135504924660746,,,,0.8135504924660746
-90.86405337781486,0.8108165878949352,,,,0.8108165878949352
-90.69391159299417,0.8080486164803097,,,,0.8080486164803097
-90.52376980817348,0.8052464555822682,,,,0.8052464555822682
-90.3536280233528,0.8024099922306619,,,,0.8024099922306619
-90.18348623853211,0.7995391234313286,,,,0.7995391234313286
-90.01334445371143,0.7966337564719889,,,,0.7966337564719889
-89.84320266889074,0.793693809227426,,,,0.793693809227426
-89.67306088407005,0.7907192104635283,,,,0.7907192104635283
-89.50291909924937,0.7877099001397562,,,,0.7877099001397562
-89.33277731442868,0.7846658297095855,,,,0.7846658297095855
-89.16263552960801,0.7815869624184648,,,,0.7815869624184648
-88.99249374478732,0.7784732735988059,,,,0.7784732735988059
-88.82235195996664,0.7753247509615279,,,,0.7753247509615279
-88.65221017514595,0.7721413948836453,,,,0.7721413948836453
-88.48206839032528,0.7689232186913992,,,,0.7689232186913992
-88.3119266055046,0.765670248938403,,,,0.765670248938403
-88.14178482068391,0.7623825256782774,,,,0.7623825256782774
-87.97164303586322,0.7590601027312353,,,,0.7590601027312353
-87.80150125104254,0.7557030479440688,,,,0.7557030479440688
-87.63135946622185,0.752311443442988,,,,0.752311443442988
-87.46121768140117,0.7488853858787512,,,,0.7488853858787512
-87.29107589658048,0.7454249866635275,,,,0.7454249866635275
-87.1209341117598,0.7419303721989213,,,,0.7419303721989213
-86.95079232693911,0.7384016840945957,,,,0.7384016840945957
-86.78065054211842,0.7348390793769243,,,,0.7348390793769243
-86.61050875729775,0.7312427306871029,,,,0.7312427306871029
-86.44036697247707,0.727612826468157,,,,0.727612826468157
-86.27022518765638,0.7239495711402839,,,,0.7239495711402839
-86.10008340283571,0.7202531852639702,,,,0.7202531852639702
-85.92994161801502,0.7165239056903328,,,,0.7165239056903328
-85.75979983319434,0.7127619856981475,,,,0.7127619856981475
-85.58965804837365,0.7089676951170248,,,,0.7089676951170248
-85.41951626355296,0.7051413204362152,,,,0.7051413204362152
-85.24937447873228,0.7012831648985355,,,,0.7012831648985355
-85.07923269391159,0.697393548578922,,,,0.697393548578922
-84.9090909090909,0.6934728084471323,,,,0.6934728084471323
-84.73894912427022,0.6895212984141373,,,,0.6895212984141373
-84.56880733944953,0.6855393893617624,,,,0.6855393893617624
-84.39866555462885,0.6815274691551617,,,,0.6815274691551617
-84.22852376980818,0.6774859426377272,,,,0.6774859426377272
-84.05838198498749,0.6734152316080633,,,,0.6734152316080633
-83.8882402001668,0.6693157747786853,,,,0.6693157747786853
-83.71809841534612,0.6651880277161211,,,,0.6651880277161211
-83.54795663052545,0.661032462762131,,,,0.661032462762131
-83.37781484570476,0.6568495689357909,,,,0.6568495689357909
-83.20767306088408,0.652639851816215,,,,0.652639851816215
-83.03753127606339,0.6484038334057276,,,,0.6484038334057276
-82.8673894912427,0.6441420519733297,,,,0.6441420519733297
-82.69724770642202,0.6398550618783427,,,,0.6398550618783427
-82.52710592160133,0.6355434333741489,,,,0.6355434333741489
-82.35696413678065,0.631207752391985,,,,0.631207752391985
-82.18682235195996,0.626848620304789,,,,0.626848620304789
-82.01668056713928,0.6224666536711341,,,,0.6224666536711341
-81.84653878231859,0.6180624839593325,,,,0.6180624839593325
-81.67639699749792,0.613636757251827,,,,0.613636757251827
-81.50625521267723,0.6091901339300329,,,,0.6091901339300329
-81.33611342785655,0.6047232883398386,,,,0.6047232883398386
-81.16597164303587,0.6002369084380096,,,,0.6002369084380096
-80.99582985821519,0.5957316954197852,,,,0.5957316954197852
-80.8256880733945,0.5912083633280101,,,,0.5912083633280101
-80.65554628857382,0.5866676386441658,,,,0.5866676386441658
-80.48540450375313,0.5821102598617298,,,,0.5821102598617298
-80.31526271893244,0.5775369770423183,,,,0.5775369770423183
-80.14512093411176,0.5729485513551162,,,,0.5729485513551162
-79.97497914929107,0.5683457546001365,,,,0.5683457546001365
-79.80483736447039,0.5637293687158891,,,,0.5637293687158891
-79.6346955796497,0.5591001852720835,,,,0.5591001852720835
-79.46455379482902,0.5544590049480193,,,,0.5544590049480193
-79.29441201000834,0.5498066369973591,,,,0.5498066369973591
-79.12427022518766,0.5451438987000129,,,,0.5451438987000129
-78.95412844036697,0.5404716148018963,,,,0.5404716148018963
-78.78398665554629,0.5357906169433505,,,,0.5357906169433505
-78.61384487072561,0.5311017430770499,,,,0.5311017430770499
-78.44370308590493,0.5264058368762428,,,,0.5264058368762428
-78.27356130108424,0.5217037471342042,,,,0.5217037471342042
-78.10341951626356,0.5169963271557919,,,,0.5169963271557919
-77.93327773144287,0.5122844341420276,,,,0.5122844341420276
-77.76313594662219,0.5075689285686393,,,,0.5075689285686393
-77.5929941618015,0.5028506735595164,,,,0.5028506735595164
-77.42285237698081,0.4981305342560442,,,,0.4981305342560442
-77.25271059216013,0.4934093771832947,,,,0.4934093771832947
-77.08256880733944,0.4886880696140592,,,,0.4886880696140592
-76.91242702251876,0.48396747893171427,,,,0.48396747893171427
-76.74228523769808,0.4792484719929144,,,,0.4792484719929144
-76.5721434528774,0.4745319144911066,,,,0.4745319144911066
-76.40200166805671,0.469818670321862,,,,0.469818670321862
-76.23185988323604,0.4651096009510074,,,,0.4651096009510074
-76.06171809841535,0.46040556478653927,,,,0.46040556478653927
-75.89157631359467,0.4557074165552946,,,,0.4557074165552946
-75.72143452877398,0.4510160066853284,,,,0.4510160066853284
-75.5512927439533,0.44633218069494446,,,,0.44633218069494446
-75.38115095913261,0.44165677858930596,,,,0.44165677858930596
-75.21100917431193,0.4369906342655257,,,,0.4369906342655257
-75.04086738949124,0.43233457492712224,,,,0.43233457492712224
-74.87072560467055,0.4276894205086984,,,,0.4276894205086984
-74.70058381984987,0.42305598311167353,,,,0.42305598311167353
-74.53044203502918,0.41843506645187145,,,,0.41843506645187145
-74.36030025020851,0.41382746531973846,,,,0.41382746531973846
-74.19015846538782,0.40923396505392684,,,,0.40923396505392684
-74.02001668056714,0.40465534102895634,,,,0.40465534102895634
-73.84987489574645,0.40009235815761673,,,,0.40009235815761673
-73.67973311092578,0.39554577040875055,,,,0.39554577040875055
-73.5095913261051,0.3910163203410068,,,,0.3910163203410068
-73.33944954128441,0.38650473865312757,,,,0.38650473865312757
-73.16930775646372,0.38201174375127755,,,,0.38201174375127755
-72.99916597164304,0.377538041333895,,,,0.377538041333895
-72.82902418682235,0.37308432399449687,,,,0.37308432399449687
-72.65888240200167,0.36865127084282845,,,,0.36865127084282845
-72.48874061718098,0.36423954714470724,,,,0.36423954714470724
-72.3185988323603,0.359849803980866,,,,0.359849803980866
-72.14845704753961,0.35548267792505817,,,,0.35548267792505817
-71.97831526271894,0.3511387907416459,,,,0.3511387907416459
-71.80817347789825,0.3468187491028464,,,,0.3468187491028464
-71.63803169307756,0.3425231443257765,,,,0.3425231443257765
-71.46788990825688,0.3382525521293822,,,,0.3382525521293822
-71.29774812343621,0.3340075324113093,,,,0.3340075324113093
-71.12760633861552,0.32978862904472434,,,,0.32978862904472434
-70.95746455379484,0.3255963696950613,,,,0.3255963696950613
-70.78732276897415,0.3214312656566199,,,,0.3214312656566199
-70.61718098415346,0.3172938117089164,,,,0.3172938117089164
-70.44703919933278,0.3131844859926412,,,,0.3131844859926412
-70.27689741451209,0.3091037499050482,,,,0.3091037499050482
-70.1067556296914,0.30505204801456154,,,,0.30505204801456154
-69.93661384487072,0.30102980799435747,,,,0.30102980799435747
-69.76647206005003,0.297037440574643,,,,0.297037440574643
-69.59633027522935,0.29307533951332665,,,,0.29307533951332665
-69.42618849040868,0.2891438815847462,,,,0.2891438815847462
-69.25604670558799,0.2852434265860897,,,,0.2852434265860897
-69.0859049207673,0.28137431736112817,,,,0.28137431736112817
-68.91576313594663,0.27753687984084324,,,,0.27753687984084324
-68.74562135112595,0.27373142310051973,,,,0.27373142310051973
-68.57547956630526,0.2699582394328536,,,,0.2699582394328536
-68.40533778148458,0.2662176044365974,,,,0.2662176044365974
-68.23519599666389,0.2625097771202607,,,,0.2625097771202607
-68.0650542118432,0.2588350000203579,,,,0.2588350000203579
-67.89491242702252,0.2551934993336891,,,,0.2551934993336891
-67.72477064220183,0.2515854850631232,,,,0.2515854850631232
-67.55462885738115,0.2480111511763448,,,,0.2480111511763448
-67.38448707256046,0.24447067577701628,,,,0.24447067577701628
-67.21434528773977,0.2409642212878012,,,,0.2409642212878012
-67.0442035029191,0.23749193464468765,,,,0.23749193464468765
-66.87406171809842,0.2340539475020455,,,,0.2340539475020455
-66.70391993327773,0.23065037644785566,,,,0.23065037644785566
-66.53377814845705,0.22728132322853625,,,,0.22728132322853625
-66.36363636363637,0.2239468749828029,,,,0.2239468749828029
-66.19349457881569,0.22064710448399283,,,,0.22064710448399283
-66.023352793995,0.21738207039029436,,,,0.21738207039029436
-65.85321100917432,0.21415181750231532,,,,0.21415181750231532
-65.68306922435363,0.21095637702744083,,,,0.21095637702744083
-65.51292743953294,0.20779576685043008,,,,0.20779576685043008
-65.34278565471226,0.20466999180971146,,,,0.20466999180971146
-65.17264386989157,0.20157904397884194,,,,0.20157904397884194
-65.00250208507089,0.1985229029526083,,,,0.1985229029526083
-64.8323603002502,0.19550153613725466,,,,0.19550153613725466
-64.66221851542952,0.19251489904433364,,,,0.19251489904433364
-64.49207673060884,0.189562935587689,,,,0.189562935587689
-64.32193494578816,0.186645578383088,,,,0.186645578383088
-64.15179316096747,0.1837627490500398,,,,0.1837627490500398
-63.98165137614679,0.18091435851534032,,,,0.18091435851534032
-63.81150959132611,0.17810030731790588,,,,0.17810030731790588
-63.64136780650542,0.17532048591446844,,,,0.17532048591446844
-63.471226021684735,0.17257477498571805,,,,0.17257477498571805
-63.30108423686406,0.16986304574249597,,,,0.16986304574249597
-63.13094245204337,0.16718516023165358,,,,0.16718516023165358
-62.960800667222685,0.16454097164121112,,,,0.16454097164121112
-62.790658882402006,0.16193032460446005,,,,0.16193032460446005
-62.62051709758132,0.15935305550267337,,,,0.15935305550267337
-62.450375312760634,0.15680899276610089,,,,0.15680899276610089
-62.28023352793995,0.15429795717294112,,,,0.15429795717294112
-62.11009174311927,0.15181976214599902,,,,0.15181976214599902
-61.939949958298584,0.14937421404675147,,,,0.14937421404675147
-61.7698081734779,0.1469611124665609,,,,0.1469611124665609
-61.59966638865721,0.14458025051478723,,,,0.14458025051478723
-61.42952460383653,0.142231415103569,,,,0.142231415103569
-61.25938281901585,0.13991438722905428,,,,0.13991438722905428
-61.08924103419516,0.13762894224888028,,,,0.13762894224888028
-60.91909924937448,0.13537485015571077,,,,0.13537485015571077
-60.7489574645538,0.1331518758466573,,,,0.1331518758466573
-60.57881567973311,0.13095977938842338,,,,0.13095977938842338
-60.408673894912425,0.12879831627802177,,,,0.12879831627802177
-60.23853211009175,0.12666723769893098,,,,0.12666723769893098
-60.06839032527106,0.12456629077256715,,,,0.12456629077256715
-59.898248540450375,0.12249521880496209,,,,0.12249521880496209
-59.728106755629696,0.12045376152854748,,,,0.12045376152854748
-59.55796497080901,0.11844165533895809,,,,0.11844165533895809
-59.387823185988324,0.11645863352677971,,,,0.11645863352677971
-59.21768140116764,0.11450442650417382,,,,0.11450442650417382
-59.04753961634696,0.11257876202632595,,,,0.11257876202632595
-58.877397831526274,0.1106813654076712,,,,0.1106813654076712
-58.70725604670559,0.10881195973286277,,,,0.10881195973286277
-58.5371142618849,0.10697026606245526,,,,0.10697026606245526
-58.36697247706422,0.10515600363328648,,,,0.10515600363328648
-58.19683069224354,0.10336889005354716,,,,0.10336889005354716
-58.02668890742285,0.1016086414925383,,,,0.1016086414925383
-57.856547122602166,0.09987497286512079,,,,0.09987497286512079
-57.68640533778148,0.09816759801087173,,,,0.09816759801087173
-57.51626355296081,0.0964862298679669,,,,0.0964862298679669
-57.34612176814012,0.09483058064181507,,,,0.09483058064181507
-57.175979983319436,0.09320036196847896,,,,0.09320036196847896
-57.00583819849875,0.09159528507291784,,,,0.09159528507291784
-56.835696413678065,0.0900150609220975,,,,0.0900150609220975
-56.66555462885738,0.08845940037301524,,,,0.08845940037301524
-56.49541284403669,0.0869280143156929,,,,0.0869280143156929
-56.32527105921602,0.08542061381119574,,,,0.08542061381119574
-56.155129274395335,0.08393691022473768,,,,0.08393691022473768
-55.98498748957465,0.08247661535393963,,,,0.08247661535393963
-55.814845704753964,0.08103944155230765,,,,0.08103944155230765
-55.64470391993328,0.0796251018480035,,,,0.0796251018480035
-55.47456213511259,0.07823331005798195,,,,0.07823331005798195
-55.304420350291906,0.07686378089757165,,,,0.07686378089757165
-55.13427856547122,0.07551623008557891,,,,0.07551623008557891
-54.96413678065055,0.07419037444499588,,,,0.07419037444499588
-54.79399499582986,0.07288593199939548,,,,0.07288593199939548
-54.62385321100918,0.07160262206509994,,,,0.07160262206509994
-54.45371142618849,0.07034016533920583,,,,0.07034016533920583
-54.283569641367805,0.06909828398355575,,,,0.06909828398355575
-54.11342785654712,0.06787670170474328,,,,0.06787670170474328
-53.94328607172643,0.06667514383024065,,,,0.06667514383024065
-53.77314428690576,0.06549333738073886,,,,0.06549333738073886
-53.603002502085076,0.06433101113878925,,,,0.06433101113878925
-53.43286071726439,0.06318789571383888,,,,0.06318789571383888
-53.262718932443704,0.062063723603747296,,,,0.062063723603747296
-53.09257714762302,0.060958229252877076,,,,0.060958229252877076
-52.92243536280233,0.05987114910684742,,,,0.05987114910684742
-52.752293577981646,0.05880222166404067,,,,0.05880222166404067
-52.582151793160975,0.057751187523951315,,,,0.057751187523951315
-52.41201000834029,0.05671778943246579,,,,0.05671778943246579
-52.2418682235196,0.05570177232416245,,,,0.05570177232416245
-52.07172643869892,0.0547028833617177,,,,0.0547028833617177
-51.90158465387823,0.05372087197250602,,,,0.05372087197250602
-51.731442869057545,0.0527554898824792,,,,0.0527554898824792
-51.56130108423686,0.0518064911474096,,,,0.0518064911474096
-51.39115929941619,0.050873632181581196,,,,0.050873632181581196
-51.2210175145955,0.04995667178401051,,,,0.04995667178401051
-51.050875729774816,0.04905537116228014,,,,0.04905537116228014
-50.88073394495413,0.048169493954063225,,,,0.048169493954063225
-50.710592160133444,0.047298806246419196,,,,0.047298806246419196
-50.54045037531276,0.04644307659293772,,,,0.04644307659293772
-50.37030859049207,0.045602076028807254,,,,0.045602076028807254
-50.2001668056714,0.04477557808388297,,,,0.04477557808388297
-50.030025020850715,0.04396335879382722,,,,0.04396335879382722
-49.85988323603003,0.043165196709395365,,,,0.043165196709395365
-49.68974145120934,0.04238087290393628,,,,0.04238087290393628
-49.51959966638866,0.04161017097917731,,,,0.04161017097917731
-49.34945788156797,0.04085287706936104,,,,0.04085287706936104
-49.179316096747286,0.04010877984379991,,,,0.04010877984379991
-49.0091743119266,0.039377670507912986,,,,0.039377670507912986
-48.83903252710593,0.03865934280280825,,,,0.03865934280280825
-48.66889074228524,0.03795359300347124,,,,0.03795359300347124
-48.49874895746456,0.037260219915621014,,,,0.037260219915621014
-48.32860717264387,0.036579024871290694,,,,0.036579024871290694
-48.158465387823185,0.03590981172319035,,,,0.03590981172319035
-47.9883236030025,0.035252386837907344,,,,0.035252386837907344
-47.81818181818181,0.0346065590879981,,,,0.0346065590879981
-47.64804003336114,0.033972139843023844,,,,0.033972139843023844
-47.477898248540455,0.033348942959580914,,,,0.033348942959580914
-47.30775646371977,0.032736784770376164,,,,0.032736784770376164
-47.137614678899084,0.03213548407239418,,,,0.03213548407239418
-46.9674728940784,0.03154486211420416,,,,0.03154486211420416
-46.79733110925771,0.030964742582451164,,,,0.030964742582451164
-46.627189324437026,0.030394951587575783,,,,0.030394951587575783
-46.457047539616354,0.029835317648804878,,,,0.029835317648804878
-46.28690575479567,0.029285671678454212,,,,0.029285671678454212
-46.11676396997498,0.02874584696558362,,,,0.02874584696558362
-45.9466221851543,0.028215679159042377,,,,0.028215679159042377
-45.77648040033361,0.027695006249942863,,,,0.027695006249942863
-45.606338615512925,0.027183668553598127,,,,0.027183668553598127
-45.43619683069224,0.026681508690958488,,,,0.026681508690958488
-45.26605504587157,0.02618837156958073,,,,0.02618837156958073
-45.09591326105088,0.02570410436416216,,,,0.02570410436416216
-44.925771476230196,0.025228556496671484,,,,0.025228556496671484
-44.75562969140951,0.024761579616105915,,,,0.024761579616105915
-44.585487906588824,0.024303027577904195,,,,0.024303027577904195
-44.41534612176814,0.023852756423043398,,,,0.023852756423043398
-44.24520433694745,0.02341062435684644,,,,0.02341062435684644
-44.07506255212678,0.022976491727526426,,,,0.022976491727526426
-43.904920767306095,0.02255022100449251,,,,0.02255022100449251
-43.73477898248541,0.022131676756441815,,,,0.022131676756441815
-43.56463719766472,0.021720725629259825,,,,0.021720725629259825
-43.39449541284404,0.02131723632375178,,,,0.02131723632375178
-43.22435362802335,0.02092107957322626,,,,0.02092107957322626
-43.054211843202665,0.020532128120951232,,,,0.020532128120951232
-42.88407005838198,0.02015025669750211,,,,0.02015025669750211
-42.71392827356131,0.019775341998020585,,,,0.019775341998020585
-42.54378648874062,0.019407262659401875,,,,0.019407262659401875
-42.373644703919936,0.019045899237428,,,,0.019045899237428
-42.20350291909925,0.01869113418386279,,,,0.01869113418386279
-42.033361134278564,0.018342851823524745,,,,0.018342851823524745
-41.86321934945788,0.018000938331352447,,,,0.018000938331352447
-41.69307756463719,0.017665281709476777,,,,0.017665281709476777
-41.52293577981652,0.017335771764313508,,,,0.017335771764313508
-41.352793994995835,0.0170123000836891,,,,0.0170123000836891
-41.18265221017515,0.01669476001401224,,,,0.01669476001401224
-41.01251042535446,0.01638304663750234,,,,0.01638304663750234
-40.84236864053378,0.016077056749486618,,,,0.016077056749486618
-40.67222685571309,0.015776688835775765,,,,0.015776688835775765
-40.502085070892406,0.015481843050128709,,,,0.015481843050128709
-40.331943286071734,0.015192421191815403,,,,0.015192421191815403
-40.16180150125105,0.014908326683286916,,,,0.014908326683286916
-39.99165971643036,0.014629464547961303,,,,0.014629464547961303
-39.82151793160968,0.014355741388132804,,,,0.014355741388132804
-39.65137614678899,0.01408706536301249,,,,0.01408706536301249
-39.481234361968305,0.013823346166906818,,,,0.013823346166906818
-39.31109257714762,0.013564495007541295,,,,0.013564495007541295
-39.14095079232695,0.013310424584534972,,,,0.013310424584534972
-38.97080900750626,0.013061049068031967,,,,0.013061049068031967
-38.800667222685576,0.012816284077495372,,,,0.012816284077495372
-38.63052543786489,0.012576046660668565,,,,0.012576046660668565
-38.460383653044204,0.012340255272708645,,,,0.012340255272708645
-38.29024186822352,0.01210882975549658,,,,0.01210882975549658
-38.12010008340283,0.011881691317127876,,,,0.011881691317127876
-37.94995829858216,0.01165876251158782,,,,0.01165876251158782
-37.779816513761475,0.011439967218614384,,,,0.011439967218614384
-37.60967472894079,0.011225230623752393,,,,0.011225230623752393
-37.4395329441201,0.011014479198601544,,,,0.011014479198601544
-37.26939115929942,0.010807640681260925,,,,0.010807640681260925
-37.09924937447873,0.010604644056972656,,,,0.010604644056972656
-36.929107589658045,0.010405419538966437,,,,0.010405419538966437
-36.75896580483736,0.010209898549507263,,,,0.010209898549507263
-36.58882402001669,0.010018013701147663,,,,0.010018013701147663
-36.418682235196,0.00982969877818614,,,,0.00982969877818614
-36.248540450375316,0.009644888718333043,,,,0.009644888718333043
-36.07839866555463,0.009463519594584876,,,,0.009463519594584876
-35.908256880733944,0.009285528597307949,,,,0.009285528597307949
-35.73811509591326,0.009110854016532093,,,,0.009110854016532093
-35.56797331109257,0.008939435224455039,,,,0.008939435224455039
-35.3978315262719,0.008771212658157682,,,,0.008771212658157682
-35.227689741451215,0.0086061278025306,,,,0.0086061278025306
-35.05754795663053,0.00844412317341187,,,,0.00844412317341187
-34.88740617180984,0.00828514230093609,,,,0.00828514230093609
-34.71726438698916,0.008129129713094383,,,,0.008129129713094383
-34.54712260216847,0.007976030919505207,,,,0.007976030919505207
-34.376980817347786,0.007825792395395348,,,,0.007825792395395348
-34.206839032527114,0.007678361565790746,,,,0.007678361565790746
-34.03669724770643,0.007533686789916279,,,,0.007533686789916279
-33.86655546288574,0.007391717345803981,,,,0.007391717345803981
-33.696413678065056,0.007252403415108692,,,,0.007252403415108692
-33.52627189324437,0.007115696068130196,,,,0.007115696068130196
-33.356130108423685,0.006981547249040955,,,,0.006981547249040955
-33.185988323603,0.0068499097613181495,,,,0.0068499097613181495
-33.01584653878233,0.006720737253379068,,,,0.006720737253379068
-32.84570475396164,0.006593984204418293,,,,0.006593984204418293
-32.675562969140955,0.006469605910445776,,,,0.006469605910445776
-32.50542118432027,0.006347558470523978,,,,0.006347558470523978
-32.33527939949958,0.006227798773203004,,,,0.006227798773203004
-32.1651376146789,0.006110284483151992,,,,0.006110284483151992
-31.994995829858212,0.005994974027985405,,,,0.005994974027985405
-31.824854045037526,0.005881826585282459,,,,0.005881826585282459
-31.654712260216854,0.005770802069798248,,,,0.005770802069798248
-31.48457047539617,0.0056618611208646774,,,,0.0056618611208646774
-31.314428690575483,0.00555496508997973,,,,0.00555496508997973
-31.144286905754797,0.005450076028583142,,,,0.005450076028583142
-30.97414512093411,0.005347156676016776,,,,0.005347156676016776
-30.804003336113425,0.005246170447667944,,,,0.005246170447667944
-30.63386155129274,0.005147081423293745,,,,0.005147081423293745
-30.463719766472067,0.005049854335524694,,,,0.005049854335524694
-30.29357798165138,0.004954454558545621,,,,0.004954454558545621
-30.123436196830696,0.004860848096952116,,,,0.004860848096952116
-29.95329441201001,0.0047690015747804924,,,,0.0047690015747804924
-29.783152627189324,0.0046788822247093645,,,,0.0046788822247093645
-29.613010842368638,0.004590457877430987,,,,0.004590457877430987
-29.442869057547952,0.004503696951190298,,,,0.004503696951190298
-29.27272727272728,0.0044185684414898285,,,,0.0044185684414898285
-29.102585487906595,0.004335041910958383,,,,0.004335041910958383
-28.93244370308591,0.004253087479381734,,,,0.004253087479381734
-28.762301918265223,0.004172675813893106,,,,0.004172675813893106
-28.592160133444537,0.004093778119321712,,,,0.004093778119321712
-28.42201834862385,0.0040163661286972034,,,,0.0040163661286972034
-28.251876563803165,0.003940412093908195,,,,0.003940412093908195
-28.081734778982494,0.0038658887765127873,,,,0.0038658887765127873
-27.911592994161808,0.0037927694386991873,,,,0.0037927694386991873
-27.741451209341122,0.0037210278343944893,,,,0.0037210278343944893
-27.571309424520436,0.003650638200519552,,,,0.003650638200519552
-27.40116763969975,0.003581575248388165,,,,0.003581575248388165
-27.231025854879064,0.003513814155248442,,,,0.003513814155248442
-27.06088407005838,0.003447330555964601,,,,0.003447330555964601
-26.890742285237707,0.003382100534837131,,,,0.003382100534837131
-26.72060050041702,0.0033181006175594854,,,,0.0033181006175594854
-26.550458715596335,0.0032553077633093834,,,,0.0032553077633093834
-26.38031693077565,0.0031936993569728197,,,,0.0031936993569728197
-26.210175145954963,0.0031332532014988947,,,,0.0031332532014988947
-26.040033361134277,0.003073947510383613,,,,0.003073947510383613
-25.86989157631359,0.0030157609002808136,,,,0.0030157609002808136
-25.699749791492906,0.0029586723837383287,,,,0.0029586723837383287
-25.529608006672234,0.0029026613620576356,,,,0.0029026613620576356
-25.359466221851548,0.0028477076182750667,,,,0.0028477076182750667
-25.189324437030862,0.002793791310262947,,,,0.002793791310262947
-25.019182652210176,0.002740892963948696,,,,0.002740892963948696
-24.84904086738949,0.0026889934666502716,,,,0.0026889934666502716
-24.678899082568805,0.002638074060526117,,,,0.002638074060526117
-24.50875729774812,0.002588116336137945,,,,0.002588116336137945
-24.338615512927447,0.002539102226124577,,,,0.002539102226124577
-24.16847372810676,0.0024910139989851882,,,,0.0024910139989851882
-23.998331943286075,0.0024438342529702764,,,,0.0024438342529702764
-23.82819015846539,0.0023975459100786353,,,,0.0023975459100786353
-23.658048373644704,0.0023521322101587665,,,,0.0023521322101587665
-23.487906588824018,0.002307576705113024,,,,0.002307576705113024
-23.317764804003332,0.0022638632532029496,,,,0.0022638632532029496
-23.14762301918266,0.0022209760134541483,,,,0.0022209760134541483
-22.977481234361974,0.002178899440159164,,,,0.002178899440159164
-22.80733944954129,0.0021376182774768006,,,,0.0021376182774768006
-22.637197664720603,0.002097117554126332,,,,0.002097117554126332
-22.467055879899917,0.00205738257817508,,,,0.00205738257817508
-22.29691409507923,0.002018398931917896,,,,0.002018398931917896
-22.126772310258545,0.0019801524668470187,,,,0.0019801524668470187
-21.956630525437873,0.0019426292987108694,,,,0.0019426292987108694
-21.786488740617187,0.0019058158026603346,,,,0.0019058158026603346
-21.6163469557965,0.0018696986084811168,,,,0.0018696986084811168
-21.446205170975816,0.0018342645959107337,,,,0.0018342645959107337
-21.27606338615513,0.0017995008900387672,,,,0.0017995008900387672
-21.105921601334444,0.0017653948567890306,,,,0.0017653948567890306
-20.935779816513758,0.0017319340984822446,,,,0.0017319340984822446
-20.765638031693086,0.0016991064494779485,,,,0.0016991064494779485
-20.5954962468724,0.001666899971894265,,,,0.001666899971894265
-20.425354462051715,0.0016353029514042845,,,,0.0016353029514042845
-20.25521267723103,0.0016043038931077432,,,,0.0016043038931077432
-20.085070892410343,0.0015738915174767407,,,,0.0015738915174767407
-19.914929107589657,0.0015440547563742777,,,,0.0015440547563742777
-19.74478732276897,0.0015147827491443445,,,,0.0015147827491443445
-19.574645537948285,0.0014860648387723977,,,,0.0014860648387723977
-19.404503753127614,0.001457890568114991,,,,0.001457890568114991
-19.234361968306928,0.0014302496761974066,,,,0.0014302496761974066
-19.064220183486242,0.0014031320945781412,,,,0.0014031320945781412
-18.894078398665556,0.0013765279437790757,,,,0.0013765279437790757
-18.72393661384487,0.001350427529780222,,,,0.001350427529780222
-18.553794829024184,0.001324821340577951,,,,0.001324821340577951
-18.3836530442035,0.0012997000428055824,,,,0.0012997000428055824
-18.213511259382827,0.0012750544784152999,,,,0.0012750544784152999
-18.04336947456214,0.0012508756614202881,,,,0.0012508756614202881
-17.873227689741455,0.0012271547746961016,,,,0.0012271547746961016
-17.70308590492077,0.0012038831668402016,,,,0.0012038831668402016
-17.532944120100083,0.0011810523490886579,,,,0.0011810523490886579
-17.362802335279397,0.0011586539922890447,,,,0.0011586539922890447
-17.19266055045871,0.001136679923928516,,,,0.001136679923928516
-17.02251876563804,0.0011151221252161368,,,,0.0011151221252161368
-16.852376980817354,0.0010939727282184783,,,,0.0010939727282184783
-16.682235195996668,0.0010732240130475893,,,,0.0010732240130475893
-16.512093411175982,0.0010528684051003942,,,,0.0010528684051003942
-16.341951626355296,0.0010328984723486172,,,,0.0010328984723486172
-16.17180984153461,0.0010133069226783637,,,,0.0010133069226783637
-16.001668056713925,0.0009940866012784553,,,,0.0009940866012784553
-15.831526271893253,0.0009752304880766882,,,,0.0009752304880766882
-15.661384487072567,0.0009567316952231293,,,,0.0009567316952231293
-15.491242702251881,0.0009385834646196713,,,,0.0009385834646196713
-15.321100917431195,0.0009207791654949633,,,,0.0009207791654949633
-15.15095913261051,0.0009033122920239669,,,,0.0009033122920239669
-14.980817347789824,0.0008861764609913056,,,,0.0008861764609913056
-14.810675562969138,0.0008693654094976541,,,,0.0008693654094976541
-14.640533778148466,0.0008528729927083802,,,,0.0008528729927083802
-14.47039199332778,0.000836693181643697,,,,0.000836693181643697
-14.300250208507094,0.0008208200610095892,,,,0.0008208200610095892
-14.130108423686409,0.000805247827068759,,,,0.000805247827068759
-13.959966638865723,0.0007899707855509066,,,,0.0007899707855509066
-13.789824854045037,0.0007749833496016119,,,,0.0007749833496016119
-13.619683069224351,0.0007602800377691482,,,,0.0007602800377691482
-13.449541284403665,0.0007458554720285217,,,,0.0007458554720285217
-13.279399499582993,0.0007317043758420943,,,,0.0007317043758420943
-13.109257714762308,0.0007178215722560958,,,,0.0007178215722560958
-12.939115929941622,0.0007042019820324239,,,,0.0007042019820324239
-12.768974145120936,0.0006908406218150447,,,,0.0006908406218150447
-12.59883236030025,0.000677732602330409,,,,0.000677732602330409
-12.428690575479564,0.0006648731266212459,,,,0.0006648731266212459
-12.258548790658878,0.0006522574883131362,,,,0.0006522574883131362
-12.088407005838206,0.0006398810699132783,,,,0.0006398810699132783
-11.91826522101752,0.0006277393411408425,,,,0.0006277393411408425
-11.748123436196835,0.0006158278572883723,,,,0.0006158278572883723
-11.577981651376149,0.0006041422576136308,,,,0.0006041422576136308
-11.407839866555463,0.0005926782637613714,,,,0.0005926782637613714
-11.237698081734777,0.0005814316782144632,,,,0.0005814316782144632
-11.067556296914091,0.0005703983827738564,,,,0.0005703983827738564
-10.89741451209342,0.0005595743370668438,,,,0.0005595743370668438
-10.727272727272734,0.0005489555770831145,,,,0.0005489555770831145
-10.557130942452048,0.0005385382137380913,,,,0.0005385382137380913
-10.386989157631362,0.0005283184314630409,,,,0.0005283184314630409
-10.216847372810676,0.0005182924868214854,,,,0.0005182924868214854
-10.04670558798999,0.0005084567071514172,,,,0.0005084567071514172
-9.876563803169304,0.0004988074892328573,,,,0.0004988074892328573
-9.706422018348633,0.0004893412979802821,,,,0.0004893412979802821
-9.536280233527947,0.0004800546651594685,,,,0.0004800546651594685
-9.366138448707261,0.00047094418812831056,,,,0.00047094418812831056
-9.195996663886575,0.000462006528601162,,,,0.000462006528601162
-9.02585487906589,0.0004532384114362722,,,,0.0004532384114362722
-8.855713094245203,0.00044463662344589895,,,,0.00044463662344589895
-8.685571309424517,0.000436198012228669,,,,0.000436198012228669
-8.515429524603832,0.0004279194850237876,,,,0.0004279194850237876
-8.34528773978316,0.0004197980075866874,,,,0.0004197980075866874
-8.175145954962474,0.0004118306030857186,,,,0.0004118306030857186
-8.005004170141788,0.0004040143510195088,,,,0.0004040143510195088
-7.834862385321102,0.0003963463861545863,,,,0.0003963463861545863
-7.6647206005004165,0.0003888238974829141,,,,0.0003888238974829141
-7.494578815679731,0.0003814441271989531,,,,0.0003814441271989531
-7.324437030859045,0.0003742043696959021,,,,0.0003742043696959021
-7.154295246038373,0.00036710197058075286,,,,0.00036710197058075286
-6.984153461217687,0.00036013432570781626,,,,0.00036013432570781626
-6.814011676397001,0.00035329888023037914,,,,0.00035329888023037914
-6.6438698915763155,0.00034659312767014824,,,,0.00034659312767014824
-6.47372810675563,0.0003400146090041615,,,,0.0003400146090041615
-6.303586321934944,0.0003335609117688331,,,,0.0003335609117688331
-6.133444537114258,0.0003272296691808246,,,,0.0003272296691808246
-5.963302752293586,0.0003210185592744192,,,,0.0003210185592744192
-5.7931609674729,0.00031492530405509867,,,,0.00031492530405509867
-5.6230191826522145,0.0003089476686690279,,,,0.0003089476686690279
-5.452877397831529,0.00030308346058813355,,,,0.00030308346058813355
-5.282735613010843,0.0002973305288105064,,,,0.0002973305288105064
-5.112593828190157,0.00029168676307583005,,,,0.00029168676307583005
-4.942452043369471,0.00028615009309556364,,,,0.00028615009309556364
-4.772310258548799,0.00028071848779759545,,,,0.00028071848779759545
-4.602168473728113,0.00027538995458510526,,,,0.00027538995458510526
-4.432026688907428,0.00027016253860937363,,,,0.00027016253860937363
-4.261884904086742,0.0002650343220562633,,,,0.0002650343220562633
-4.091743119266056,0.0002600034234461354,,,,0.0002600034234461354
-3.92160133444537,0.0002550679969469378,,,,0.0002550679969469378
-3.751459549624684,0.000250226231700228,,,,0.000250226231700228
-3.5813177648040124,0.0002454763511598804,,,,0.0002454763511598804
-3.4111759799833266,0.0002408166124432487,,,,0.0002408166124432487
-3.2410341951626407,0.00023624530569454964,,,,0.00023624530569454964
-3.070892410341955,0.0002317607534602369,,,,0.0002317607534602369
-2.900750625521269,0.00022736131007613996,,,,0.00022736131007613996
-2.730608840700583,0.0002230453610661544,,,,0.0002230453610661544
-2.560467055879897,0.0002188113225522635,,,,0.0002188113225522635
-2.3903252710592113,0.00021465764067567567,,,,0.00021465764067567567
-2.2201834862385397,0.00021058279102887842,,,,0.00021058279102887842
-2.050041701417854,0.0002065852780983952,,,,0.0002065852780983952
-1.879899916597168,0.00020266363471805536,,,,0.00020266363471805536
-1.709758131776482,0.00019881642153256673,,,,0.00019881642153256673
-1.5396163469557962,0.00019504222647121126,,,,0.00019504222647121126
-1.3694745621351103,0.00019133966423146533,,,,0.00019133966423146533
-1.1993327773144244,0.00018770737577236403,,,,0.00018770737577236403
-1.0291909924937528,0.00018414402781742102,,,,0.00018414402781742102
-0.8590492076730669,0.00018064831236692993,,,,0.00018064831236692993
-0.688907422852381,0.00017721894621947241,,,,0.00017721894621947241
-0.5187656380316952,0.00017385467050245145,,,,0.00017385467050245145
-0.3486238532110093,0.00017055425021149134,,,,0.00017055425021149134
-0.17848206839032343,0.00016731647375853068,,,,0.00016731647375853068
-0.008340283569637563,0.00016414015252844952,,,,0.00016414015252844952
0.1618015012510341,0.00016102412044406586,,,,0.00016102412044406586
0.33194328607171997,0.00015796723353934844,,,,0.00015796723353934844
0.5020850708924058,0.00015496836954069105,,,,0.00015496836954069105
0.6722268557130917,0.0001520264274560951,,,,0.0001520264274560951
0.8423686405337776,0.0001491403271721109,,,,0.0001491403271721109
1.0125104253544635,0.00014630900905839613,,,,0.00014630900905839613
1.1826522101751493,0.00014353143357974434,,,,0.00014353143357974434
1.352793994995821,0.00014080658091544603,,,,0.00014080658091544603
1.5229357798165069,0.00013813345058583912,,,,0.00013813345058583912
1.6930775646371927,0.00013551106108592204,,,,0.00013551106108592204
1.8632193494578786,0.0001329384495258894,,,,0.0001329384495258894
2.0333611342785645,0.0001304146712784613,,,,0.0001304146712784613
2.2035029190992503,0.00012793879963288198,,,,0.00012793879963288198
2.373644703919936,0.0001255099254554582,,,,0.0001255099254554582
2.543786488740608,0.00012312715685651752,,,,0.00012312715685651752
2.7139282735612937,0.00012078961886366076,,,,0.00012078961886366076
2.8840700583819796,0.00011849645310119735,,,,0.00011849645310119735
3.0542118432026655,0.0001162468174756411,,,,0.0001162468174756411
3.2243536280233513,0.00011403988586715312,,,,0.00011403988586715312
3.394495412844037,0.00011187484782682302,,,,0.00011187484782682302
3.564637197664723,0.00010975090827967514,,,,0.00010975090827967514
3.734778982485409,0.00010766728723329405,,,,0.00010766728723329405
3.9049207673060806,0.00010562321949196084,,,,0.00010562321949196084
4.0750625521267665,0.00010361795437619893,,,,0.00010361795437619893
4.245204336947452,0.00010165075544762696,,,,0.00010165075544762696
4.415346121768138,9.972090023901761e-05,,,,9.972090023901761e-05
4.585487906588824,9.782767998946358e-05,,,,9.782767998946358e-05
4.75562969140951,9.597039938455724e-05,,,,9.597039938455724e-05
4.925771476230196,9.414837630148661e-05,,,,9.414837630148661e-05
5.0959132610508675,9.236094155895707e-05,,,,9.236094155895707e-05
5.266055045871553,9.060743867184418e-05,,,,9.060743867184418e-05
5.436196830692239,8.888722361049395e-05,,,,8.888722361049395e-05
5.606338615512925,8.719966456457796e-05,,,,8.719966456457796e-05
5.776480400333611,8.554414171141857e-05,,,,8.554414171141857e-05
5.946622185154297,8.392004698870164e-05,,,,8.392004698870164e-05
6.116763969974983,8.232678387149186e-05,,,,8.232678387149186e-05
6.286905754795669,8.076376715347102e-05,,,,8.076376715347102e-05
6.4570475396163545,7.923042273231726e-05,,,,7.923042273231726e-05
6.62718932443704,7.772618739915e-05,,,,7.772618739915e-05
6.797331109257726,7.625050863196139e-05,,,,7.625050863196139e-05
6.967472894078384,7.4802844392961e-05,,,,7.4802844392961e-05
7.1376146788990695,7.338266292975604e-05,,,,7.338266292975604e-05
7.307756463719755,7.19894425803011e-05,,,,7.19894425803011e-05
7.477898248540441,7.062267158153983e-05,,,,7.062267158153983e-05
7.648040033361127,6.928184788167148e-05,,,,6.928184788167148e-05
7.818181818181813,6.796647895597466e-05,,,,6.796647895597466e-05
7.988323603002499,6.667608162611942e-05,,,,6.667608162611942e-05
8.158465387823185,6.54101818829031e-05,,,,6.54101818829031e-05
8.32860717264387,6.416831471234337e-05,,,,6.416831471234337e-05
8.498748957464556,6.295002392506728e-05,,,,6.295002392506728e-05
8.668890742285242,6.175486198893228e-05,,,,6.175486198893228e-05
8.839032527105928,6.05823898648193e-05,,,,6.05823898648193e-05
9.009174311926614,5.943217684553629e-05,,,,5.943217684553629e-05
9.1793160967473,5.830380039777541e-05,,,,5.830380039777541e-05
9.349457881567957,5.7196846007064824e-05,,,,5.7196846007064824e-05
9.519599666388643,5.611090702565825e-05,,,,5.611090702565825e-05
9.68974145120933,5.504558452330836e-05,,,,5.504558452330836e-05
9.859883236030015,5.400048714086706e-05,,,,5.400048714086706e-05
10.030025020850701,5.297523094666159e-05,,,,5.297523094666159e-05
10.200166805671387,5.196943929559167e-05,,,,5.196943929559167e-05
10.370308590492073,5.098274269089822e-05,,,,5.098274269089822e-05
10.540450375312759,5.00147786485518e-05,,,,5.00147786485518e-05
10.710592160133444,4.906519156421194e-05,,,,4.906519156421194e-05
10.88073394495413,4.813363258270765e-05,,,,4.813363258270765e-05
11.050875729774816,4.7219759469992886e-05,,,,4.7219759469992886e-05
11.221017514595502,4.632323648752928e-05,,,,4.632323648752928e-05
11.391159299416188,4.544373426904959e-05,,,,4.544373426904959e-05
11.561301084236874,4.4580929699658326e-05,,,,4.4580929699658326e-05
11.73144286905756,4.3734505797223954e-05,,,,4.3734505797223954e-05
11.901584653878217,4.290415159602047e-05,,,,4.290415159602047e-05
12.071726438698903,4.208956203257352e-05,,,,4.208956203257352e-05
12.241868223519589,4.129043783367323e-05,,,,4.129043783367323e-05
12.412010008340275,4.0506485406508765e-05,,,,4.0506485406508765e-05
12.58215179316096,3.9737416730886286e-05,,,,3.9737416730886286e-05
12.752293577981646,3.8982949253491126e-05,,,,3.8982949253491126e-05
12.922435362802332,3.8242805784154676e-05,,,,3.8242805784154676e-05
13.092577147623018,3.7516714394088636e-05,,,,3.7516714394088636e-05
13.262718932443704,3.680440831604853e-05,,,,3.680440831604853e-05
13.43286071726439,3.6105625846391015e-05,,,,3.6105625846391015e-05
13.603002502085076,3.542011024898835e-05,,,,3.542011024898835e-05
13.773144286905762,3.474760966096531e-05,,,,3.474760966096531e-05
13.943286071726448,3.408787700022329e-05,,,,3.408787700022329e-05
14.113427856547133,3.3440669874718824e-05,,,,3.3440669874718824e-05
14.28356964136779,3.2805750493462476e-05,,,,3.2805750493462476e-05
14.453711426188477,3.2182885579205485e-05,,,,3.2182885579205485e-05
14.623853211009163,3.1571846282783116e-05,,,,3.1571846282783116e-05
14.793994995829848,3.09724080990819e-05,,,,3.09724080990819e-05
14.964136780650534,3.0384350784601452e-05,,,,3.0384350784601452e-05
15.13427856547122,2.9807458276579253e-05,,,,2.9807458276579253e-05
15.304420350291906,2.924151861365008e-05,,,,2.924151861365008e-05
15.474562135112592,2.8686323858010094e-05,,,,2.8686323858010094e-05
15.644703919933278,2.8141670019057628e-05,,,,2.8141670019057628e-05
15.814845704753964,2.7607356978482028e-05,,,,2.7607356978482028e-05
15.98498748957465,2.7083188416773985e-05,,,,2.7083188416773985e-05
16.155129274395335,2.6568971741129637e-05,,,,2.6568971741129637e-05
16.32527105921602,2.6064518014722683e-05,,,,2.6064518014722683e-05
16.495412844036707,2.556964188731771e-05,,,,2.556964188731771e-05
16.665554628857365,2.5084161527200445e-05,,,,2.5084161527200445e-05
16.83569641367805,2.460789855439879e-05,,,,2.460789855439879e-05
17.005838198498736,2.4140677975171358e-05,,,,2.4140677975171358e-05
17.175979983319422,2.368232811773835e-05,,,,2.368232811773835e-05
17.346121768140108,2.3232680569231996e-05,,,,2.3232680569231996e-05
17.516263552960794,2.279157011384328e-05,,,,2.279157011384328e-05
17.68640533778148,2.2358834672141826e-05,,,,2.2358834672141826e-05
17.856547122602166,2.193431524154747e-05,,,,2.193431524154747e-05
18.02668890742285,2.1517855837930985e-05,,,,2.1517855837930985e-05
18.196830692243537,2.1109303438323124e-05,,,,2.1109303438323124e-05
18.366972477064223,2.0708507924710262e-05,,,,2.0708507924710262e-05
18.53711426188491,2.0315322028896863e-05,,,,2.0315322028896863e-05
18.707256046705595,1.9929601278413895e-05,,,,1.9929601278413895e-05
18.87739783152628,1.9551203943453826e-05,,,,1.9551203943453826e-05
19.047539616346967,1.9179990984812145e-05,,,,1.9179990984812145e-05
19.217681401167624,1.881582600281708e-05,,,,1.881582600281708e-05
19.38782318598831,1.8458575187228045e-05,,,,1.8458575187228045e-05
19.557964970808996,1.8108107268085134e-05,,,,1.8108107268085134e-05
19.728106755629682,1.7764293467490964e-05,,,,1.7764293467490964e-05
19.898248540450368,1.74270074523076e-05,,,,1.74270074523076e-05
20.068390325271054,1.7096125287751264e-05,,,,1.7096125287751264e-05
20.23853211009174,1.6771525391867283e-05,,,,1.6771525391867283e-05
20.408673894912425,1.6453088490869275e-05,,,,1.6453088490869275e-05
20.57881567973311,1.61406975753258e-05,,,,1.61406975753258e-05
20.748957464553797,1.583423785717818e-05,,,,1.583423785717818e-05
20.919099249374483,1.5533596727574334e-05,,,,1.5533596727574334e-05
21.08924103419517,1.5238663715502584e-05,,,,1.5238663715502584e-05
21.259382819015855,1.4949330447210673e-05,,,,1.4949330447210673e-05
21.42952460383654,1.4665490606394648e-05,,,,1.4665490606394648e-05
21.599666388657198,1.4387039895143537e-05,,,,1.4387039895143537e-05
21.769808173477884,1.4113875995624987e-05,,,,1.4113875995624987e-05
21.93994995829857,1.384589853249829e-05,,,,1.384589853249829e-05
22.110091743119256,1.3583009036040505e-05,,,,1.3583009036040505e-05
22.28023352793994,1.3325110905972501e-05,,,,1.3325110905972501e-05
22.450375312760627,1.3072109375971592e-05,,,,1.3072109375971592e-05
22.620517097581313,1.2823911478857484e-05,,,,1.2823911478857484e-05
22.790658882402,1.2580426012439157e-05,,,,1.2580426012439157e-05
22.960800667222685,1.2341563506009823e-05,,,,1.2341563506009823e-05
23.13094245204337,1.2107236187477912e-05,,,,1.2107236187477912e-05
23.301084236864057,1.1877357951121661e-05,,,,1.1877357951121661e-05
23.471226021684743,1.1651844325955955e-05,,,,1.1651844325955955e-05
23.64136780650543,1.1430612444699382e-05,,,,1.1430612444699382e-05
23.811509591326114,1.1213581013330447e-05,,,,1.1213581013330447e-05
23.9816513761468,1.10006702812214e-05,,,,1.10006702812214e-05
24.151793160967458,1.0791802011839125e-05,,,,1.0791802011839125e-05
24.321934945788144,1.0586899454001956e-05,,,,1.0586899454001956e-05
24.49207673060883,1.0385887313682261e-05,,,,1.0385887313682261e-05
24.662218515429515,1.0188691726344034e-05,,,,1.0188691726344034e-05
24.8323603002502,9.995240229805593e-06,,,,9.995240229805593e-06
25.002502085070887,9.805461737617468e-06,,,,9.805461737617468e-06
25.172643869891573,9.619286512945392e-06,,,,9.619286512945392e-06
25.34278565471226,9.436646142949222e-06,,,,9.436646142949222e-06
25.512927439532945,9.25747351364804e-06,,,,9.25747351364804e-06
25.68306922435363,9.081702785262475e-06,,,,9.081702785262475e-06
25.853211009174316,8.909269368024873e-06,,,,8.909269368024873e-06
26.023352793995002,8.740109898448803e-06,,,,8.740109898448803e-06
26.193494578815688,8.574162216048897e-06,,,,8.574162216048897e-06
26.363636363636374,8.411365340502679e-06,,,,8.411365340502679e-06
26.53377814845703,8.251659449245796e-06,,,,8.251659449245796e-06
26.703919933277717,8.094985855492493e-06,,,,8.094985855492493e-06
26.874061718098403,7.941286986673616e-06,,,,7.941286986673616e-06
27.04420350291909,7.790506363283477e-06,,,,7.790506363283477e-06
27.214345287739775,7.642588578128537e-06,,,,7.642588578128537e-06
27.38448707256046,7.497479275969886e-06,,,,7.497479275969886e-06
27.554628857381147,7.355125133552224e-06,,,,7.355125133552224e-06
27.724770642201833,7.215473840011833e-06,,,,7.215473840011833e-06
27.89491242702252,7.07847407765656e-06,,,,7.07847407765656e-06
28.065054211843204,6.944075503110581e-06,,,,6.944075503110581e-06
28.23519599666389,6.812228728817161e-06,,,,6.812228728817161e-06
28.405337781484576,6.682885304892414e-06,,,,6.682885304892414e-06
28.575479566305262,6.555997701323665e-06,,,,6.555997701323665e-06
28.745621351125948,6.43151929050565e-06,,,,6.43151929050565e-06
28.915763135946605,6.309404330108336e-06,,,,6.309404330108336e-06
29.08590492076729,6.18960794626973e-06,,,,6.18960794626973e-06
29.256046705587977,6.072086117108068e-06,,,,6.072086117108068e-06
29.426188490408663,5.956795656546777e-06,,,,5.956795656546777e-06
29.59633027522935,5.843694198446496e-06,,,,5.843694198446496e-06
29.766472060050035,5.732740181038413e-06,,,,5.732740181038413e-06
29.93661384487072,5.6238928316530594e-06,,,,5.6238928316530594e-06
30.106755629691406,5.517112151739049e-06,,,,5.517112151739049e-06
30.276897414512092,5.412358902166124e-06,,,,5.412358902166124e-06
30.447039199332778,5.309594588807292e-06,,,,5.309594588807292e-06
30.617180984153464,5.208781448394663e-06,,,,5.208781448394663e-06
30.78732276897415,5.109882434643717e-06,,,,5.109882434643717e-06
30.957464553794836,5.012861204641069e-06,,,,5.012861204641069e-06
31.12760633861552,4.9176821054906025e-06,,,,4.9176821054906025e-06
31.297748123436207,4.824310161213166e-06,,,,4.824310161213166e-06
31.467889908256865,4.73271105989488e-06,,,,4.73271105989488e-06
31.63803169307755,4.642851141079435e-06,,,,4.642851141079435e-06
31.808173477898237,4.5546973833998945e-06,,,,4.5546973833998945e-06
31.978315262718922,4.468217392445047e-06,,,,4.468217392445047e-06
32.14845704753961,4.383379388856287e-06,,,,4.383379388856287e-06
32.318598832360294,4.300152196650398e-06,,,,4.300152196650398e-06
32.48874061718098,4.218505231764062e-06,,,,4.218505231764062e-06
32.658882402001666,4.138408490815768e-06,,,,4.138408490815768e-06
32.82902418682235,4.0598325400811555e-06,,,,4.0598325400811555e-06
32.99916597164304,3.982748504677596e-06,,,,3.982748504677596e-06
33.16930775646372,3.907128057954157e-06,,,,3.907128057954157e-06
33.33944954128441,3.8329434110829146e-06,,,,3.8329434110829146e-06
33.509591326105095,3.760167302847943e-06,,,,3.760167302847943e-06
33.67973311092578,3.688772989628116e-06,,,,3.688772989628116e-06
33.84987489574644,3.6187342355701336e-06,,,,3.6187342355701336e-06
34.020016680567124,3.5500253029479866e-06,,,,3.5500253029479866e-06
34.19015846538781,3.482620942705625e-06,,,,3.482620942705625e-06
34.360300250208496,3.4164963851790494e-06,,,,3.4164963851790494e-06
34.53044203502918,3.351627330994547e-06,,,,3.351627330994547e-06
34.70058381984987,3.2879899421397764e-06,,,,3.2879899421397764e-06
34.870725604670554,3.2255608332043253e-06,,,,3.2255608332043253e-06
35.04086738949124,3.1643170627866113e-06,,,,3.1643170627866113e-06
35.211009174311926,3.1042361250638565e-06,,,,3.1042361250638565e-06
35.38115095913261,3.045295941522166e-06,,,,3.045295941522166e-06
35.5512927439533,2.987474852843586e-06,,,,2.987474852843586e-06
35.72143452877398,2.9307516109472073e-06,,,,2.9307516109472073e-06
35.89157631359467,2.875105371181328e-06,,,,2.875105371181328e-06
36.061718098415355,2.8205156846638973e-06,,,,2.8205156846638973e-06
36.23185988323604,2.7669624907683466e-06,,,,2.7669624907683466e-06
36.4020016680567,2.714426109752121e-06,,,,2.714426109752121e-06
36.572143452877384,2.6628872355250646e-06,,,,2.6628872355250646e-06
36.74228523769807,2.6123269285552384e-06,,,,2.6123269285552384e-06
36.912427022518756,2.5627266089093267e-06,,,,2.5627266089093267e-06
37.08256880733944,2.5140680494251845e-06,,,,2.5140680494251845e-06
37.25271059216013,2.4663333690140415e-06,,,,2.4663333690140415e-06
37.42285237698081,2.4195050260898402e-06,,,,2.4195050260898402e-06
37.5929941618015,2.3735658121233463e-06,,,,2.3735658121233463e-06
37.763135946622185,2.328498845318598e-06,,,,2.328498845318598e-06
37.93327773144287,2.284287564409453e-06,,,,2.284287564409453e-06
38.10341951626356,2.240915722573886e-06,,,,2.240915722573886e-06
38.27356130108424,2.198367381463852e-06,,,,2.198367381463852e-06
38.44370308590493,2.1566269053484565e-06,,,,2.1566269053484565e-06
38.613844870725615,2.1156789553683593e-06,,,,2.1156789553683593e-06
38.78398665554627,2.075508483899267e-06,,,,2.075508483899267e-06
38.95412844036696,2.0361007290223687e-06,,,,2.0361007290223687e-06
39.124270225187644,1.9974412090998673e-06,,,,1.9974412090998673e-06
39.29441201000833,1.9595157174534025e-06,,,,1.9595157174534025e-06
39.464553794829015,1.9223103171435647e-06,,,,1.9223103171435647e-06
39.6346955796497,1.8858113358484839e-06,,,,1.8858113358484839e-06
39.80483736447039,1.8500053608396835e-06,,,,1.8500053608396835e-06
39.97497914929107,1.8148792340533229e-06,,,,1.8148792340533229e-06
40.14512093411176,1.7804200472549852e-06,,,,1.7804200472549852e-06
40.315262718932445,1.7466151372963005e-06,,,,1.7466151372963005e-06
40.48540450375313,1.7134520814616064e-06,,,,1.7134520814616064e-06
40.65554628857382,1.6809186929029766e-06,,,,1.6809186929029766e-06
40.8256880733945,1.649003016161888e-06,,,,1.649003016161888e-06
40.99582985821519,1.6176933227759454e-06,,,,1.6176933227759454e-06
41.165971643035874,1.5869781069689974e-06,,,,1.5869781069689974e-06
41.33611342785653,1.5568460814231053e-06,,,,1.5568460814231053e-06
41.50625521267722,1.527286173130727e-06,,,,1.527286173130727e-06
41.6763969974979,1.4982875193257348e-06,,,,1.4982875193257348e-06
41.84653878231859,1.4698394634916304e-06,,,,1.4698394634916304e-06
42.016680567139275,1.4419315514455526e-06,,,,1.4419315514455526e-06
42.18682235195996,1.414553527496655e-06,,,,1.414553527496655e-06
42.35696413678065,1.387695330677407e-06,,,,1.387695330677407e-06
42.52710592160133,1.3613470910464621e-06,,,,1.3613470910464621e-06
42.69724770642202,1.3354991260616962e-06,,,,1.3354991260616962e-06
42.867389491242704,1.3101419370221325e-06,,,,1.3101419370221325e-06
43.03753127606339,1.2852662055774079e-06,,,,1.2852662055774079e-06
43.207673060884076,1.260862790303523e-06,,,,1.260862790303523e-06
43.37781484570476,1.2369227233435857e-06,,,,1.2369227233435857e-06
43.54795663052545,1.213437207112354e-06,,,,1.213437207112354e-06
43.718098415346105,1.1903976110633426e-06,,,,1.1903976110633426e-06
43.88824020016679,1.1677954685172974e-06,,,,1.1677954685172974e-06
44.05838198498748,1.14562247355091e-06,,,,1.14562247355091e-06
44.22852376980816,1.12387047794458e-06,,,,1.12387047794458e-06
44.39866555462885,1.102531488188147e-06,,,,1.102531488188147e-06
44.568807339449535,1.0815976625434546e-06,,,,1.0815976625434546e-06
44.73894912427022,1.0610613081627023e-06,,,,1.0610613081627023e-06
44.90909090909091,1.0409148782614986e-06,,,,1.0409148782614986e-06
45.07923269391159,1.0211509693456002e-06,,,,1.0211509693456002e-06
45.24937447873228,1.001762318490285e-06,,,,1.001762318490285e-06
45.419516263552964,9.827418006714012e-07,,,,9.827418006714012e-07
45.58965804837365,9.640824261470756e-07,,,,9.640824261470756e-07
45.759799833194336,9.457773378891486e-07,,,,9.457773378891486e-07
45.92994161801502,9.278198090633566e-07,,,,9.278198090633566e-07
46.10008340283568,9.102032405573786e-07,,,,9.102032405573786e-07
46.270225187656365,8.929211585557971e-07,,,,8.929211585557971e-07
46.44036697247705,8.759672121611216e-07,,,,8.759672121611216e-07
46.61050875729774,8.593351710599645e-07,,,,8.593351710599645e-07
46.78065054211842,8.430189232335337e-07,,,,8.430189232335337e-07
46.95079232693911,8.270124727116018e-07,,,,8.270124727116018e-07
47.120934111759794,8.113099373691045e-07,,,,8.113099373691045e-07
47.29107589658048,7.959055467645888e-07,,,,7.959055467645888e-07
47.461217681401166,7.807936400196927e-07,,,,7.807936400196927e-07
47.63135946622185,7.659686637388954e-07,,,,7.659686637388954e-07
47.80150125104254,7.5142516996875e-07,,,,7.5142516996875e-07
47.971643035863224,7.371578141958755e-07,,,,7.371578141958755e-07
48.14178482068391,7.231613533829608e-07,,,,7.231613533829608e-07
48.311926605504595,7.094306440420457e-07,,,,7.094306440420457e-07
48.48206839032528,6.95960640344398e-07,,,,6.95960640344398e-07
48.65221017514594,6.827463922662707e-07,,,,6.827463922662707e-07
48.822351959966625,6.697830437698621e-07,,,,6.697830437698621e-07
48.99249374478731,6.570658310188239e-07,,,,6.570658310188239e-07
49.162635529607996,6.445900806276388e-07,,,,6.445900806276388e-07
49.33277731442868,6.323512079442475e-07,,,,6.323512079442475e-07
49.50291909924937,6.203447153652711e-07,,,,6.203447153652711e-07
49.673060884070054,6.085661906832321e-07,,,,6.085661906832321e-07
49.84320266889074,5.970113054651508e-07,,,,5.970113054651508e-07
50.013344453711426,5.85675813461932e-07,,,,5.85675813461932e-07
50.18348623853211,5.745555490479424e-07,,,,5.745555490479424e-07
50.3536280233528,5.636464256902257e-07,,,,5.636464256902257e-07
50.52376980817348,5.52944434446776e-07,,,,5.52944434446776e-07
50.69391159299417,5.424456424933293e-07,,,,5.424456424933293e-07
50.864053377814855,5.321461916781186e-07,,,,5.321461916781186e-07
51.03419516263551,5.220422971040775e-07,,,,5.220422971040775e-07
51.2043369474562,5.121302457379559e-07,,,,5.121302457379559e-07
51.374478732276884,5.02406395045853e-07,,,,5.02406395045853e-07
51.54462051709757,4.928671716546486e-07,,,,4.928671716546486e-07
51.714762301918256,4.835090700388526e-07,,,,4.835090700388526e-07
51.88490408673894,4.743286512323909e-07,,,,4.743286512323909e-07
52.05504587155963,4.6532254156484127e-07,,,,4.6532254156484127e-07
52.225187656380314,4.5648743142167315e-07,,,,4.5648743142167315e-07
52.395329441201,4.4782007402802096e-07,,,,4.4782007402802096e-07
52.565471226021685,4.393172842555546e-07,,,,4.393172842555546e-07
52.73561301084237,4.30975937451996e-07,,,,4.30975937451996e-07
52.90575479566306,4.227929682928671e-07,,,,4.227929682928671e-07
53.07589658048374,4.147653696550344e-07,,,,4.147653696550344e-07
53.24603836530443,4.068901915116466e-07,,,,4.068901915116466e-07
53.416180150125115,3.99164539848046e-07,,,,3.99164539848046e-07
53.58632193494577,3.9158557559827125e-07,,,,3.9158557559827125e-07
53.75646371976646,3.8415051360174556e-07,,,,3.8415051360174556e-07
53.926605504587144,3.768566215797821e-07,,,,3.768566215797821e-07
54.09674728940783,3.697012191315145e-07,,,,3.697012191315145e-07
54.266889074228516,3.626816767488953e-07,,,,3.626816767488953e-07
54.4370308590492,3.557954148503984e-07,,,,3.557954148503984e-07
54.60717264386989,3.490399028330621e-07,,,,3.490399028330621e-07
54.77731442869057,3.424126581425372e-07,,,,3.424126581425372e-07
54.94745621351126,3.359112453607887e-07,,,,3.359112453607887e-07
55.117597998331945,3.2953327531112207e-07,,,,3.2953327531112207e-07
55.28773978315263,3.232764041801966e-07,,,,3.232764041801966e-07
55.45788156797332,3.171383326567155e-07,,,,3.171383326567155e-07
55.628023352794,3.1111680508646465e-07,,,,3.1111680508646465e-07
55.79816513761469,3.052096086433997e-07,,,,3.052096086433997e-07
55.968306922435346,2.9941457251646534e-07,,,,2.9941457251646534e-07
56.13844870725603,2.937295671118556e-07,,,,2.937295671118556e-07
56.30859049207672,2.8815250327043027e-07,,,,2.8815250327043027e-07
56.478732276897404,2.8268133149997517e-07,,,,2.8268133149997517e-07
56.64887406171809,2.773140412220498e-07,,,,2.773140412220498e-07
56.819015846538775,2.720486600331311e-07,,,,2.720486600331311e-07
56.98915763135946,2.6688325297978864e-07,,,,2.6688325297978864e-07
57.15929941618015,2.618159218476169e-07,,,,2.618159218476169e-07
57.32944120100083,2.568448044636738e-07,,,,2.568448044636738e-07
57.49958298582152,2.5196807401216064e-07,,,,2.5196807401216064e-07
57.669724770642205,2.4718393836309805e-07,,,,2.4718393836309805e-07
57.83986655546289,2.424906394137433e-07,,,,2.424906394137433e-07
58.010008340283576,2.3788645244251718e-07,,,,2.3788645244251718e-07
58.18015012510426,2.3336968547519655e-07,,,,2.3336968547519655e-07
58.35029190992495,2.2893867866313792e-07,,,,2.2893867866313792e-07
58.520433694745606,2.2459180367331147e-07,,,,2.2459180367331147e-07
58.69057547956629,2.203274630899097e-07,,,,2.203274630899097e-07
58.86071726438698,2.161440898273287e-07,,,,2.161440898273287e-07
59.03085904920766,2.1204014655428228e-07,,,,2.1204014655428228e-07
59.20100083402835,2.080141251288589e-07,,,,2.080141251288589e-07
59.371142618849035,2.0406454604430376e-07,,,,2.0406454604430376e-07
59.54128440366972,2.0018995788532018e-07,,,,2.0018995788532018e-07
59.71142618849041,1.963889367946987e-07,,,,1.963889367946987e-07
59.88156797331109,1.9266008595007013e-07,,,,1.9266008595007013e-07
60.05170975813178,1.8900203505059636e-07,,,,1.8900203505059636e-07
60.221851542952464,1.8541343981340343e-07,,,,1.8541343981340343e-07
60.39199332777315,1.8189298147957927e-07,,,,1.8189298147957927e-07
60.562135112593836,1.784393663295493e-07,,,,1.784393663295493e-07
60.73227689741452,1.750513252076551e-07,,,,1.750513252076551e-07
60.90241868223518,1.7172761305575776e-07,,,,1.7172761305575776e-07
61.072560467055865,1.6846700845569615e-07,,,,1.6846700845569615e-07
61.24270225187655,1.6526831318043863e-07,,,,1.6526831318043863e-07
61.41284403669724,1.6213035175374848e-07,,,,1.6213035175374848e-07
61.58298582151792,1.590519710182156e-07,,,,1.590519710182156e-07
61.75312760633861,1.5603203971148784e-07,,,,1.5603203971148784e-07
61.923269391159295,1.530694480505502e-07,,,,1.530694480505502e-07
62.09341117597998,1.5016310732389432e-07,,,,1.5016310732389432e-07
62.263552960800666,1.4731194949143426e-07,,,,1.4731194949143426e-07
62.43369474562135,1.445149267920171e-07,,,,1.445149267920171e-07
62.60383653044204,1.4177101135838718e-07,,,,1.4177101135838718e-07
62.773978315262724,1.3907919483945874e-07,,,,1.3907919483945874e-07
62.94412010008341,1.3643848802976253e-07,,,,1.3643848802976253e-07
63.114261884904096,1.3384792050592708e-07,,,,1.3384792050592708e-07
63.28440366972475,1.3130654027006364e-07,,,,1.3130654027006364e-07
63.45454545454544,1.2881341339991776e-07,,,,1.2881341339991776e-07
63.624687239366125,1.2636762370566997e-07,,,,1.2636762370566997e-07
63.79482902418681,1.2396827239324836e-07,,,,1.2396827239324836e-07
63.9649708090075,1.2161447773403388e-07,,,,1.2161447773403388e-07
64.13511259382818,1.1930537474083887e-07,,,,1.1930537474083887e-07
64.30525437864887,1.1704011485003647e-07,,,,1.1704011485003647e-07
64.47539616346955,1.1481786560972664e-07,,,,1.1481786560972664e-07
64.64553794829024,1.1263781037382092e-07,,,,1.1263781037382092e-07
64.81567973311093,1.1049914800193749e-07,,,,1.1049914800193749e-07
64.98582151793161,1.0840109256499433e-07,,,,1.0840109256499433e-07
65.1559633027523,1.0634287305639028e-07,,,,1.0634287305639028e-07
65.32610508757298,1.0432373310867229e-07,,,,1.0432373310867229e-07
65.49624687239367,1.023429307155809e-07,,,,1.023429307155809e-07
65.66638865721436,1.0039973795937375e-07,,,,1.0039973795937375e-07
65.83653044203501,9.84934407433262e-08,,,,9.84934407433262e-08
66.0066722268557,9.662333852931118e-08,,,,9.662333852931118e-08
66.17681401167638,9.478874408036134e-08,,,,9.478874408036134e-08
66.34695579649707,9.298898320811937e-08,,,,9.298898320811937e-08
66.51709758131776,9.12233945250835e-08,,,,9.12233945250835e-08
66.68723936613844,8.9491329201557e-08,,,,8.9491329201557e-08
66.85738115095913,8.779215072721255e-08,,,,8.779215072721255e-08
67.02752293577981,8.612523467718377e-08,,,,8.612523467718377e-08
67.1976647206005,8.44899684825977e-08,,,,8.44899684825977e-08
67.36780650542119,8.288575120546567e-08,,,,8.288575120546567e-08
67.53794829024187,8.131199331784536e-08,,,,8.131199331784536e-08
67.70809007506256,7.976811648519882e-08,,,,7.976811648519882e-08
67.87823185988324,7.825355335386247e-08,,,,7.825355335386247e-08
68.04837364470393,7.676774734255266e-08,,,,7.676774734255266e-08
68.21851542952459,7.531015243782998e-08,,,,7.531015243782998e-08
68.38865721434527,7.388023299344702e-08,,,,7.388023299344702e-08
68.55879899916596,7.247746353350593e-08,,,,7.247746353350593e-08
68.72894078398664,7.110132855935354e-08,,,,7.110132855935354e-08
68.89908256880733,6.975132236014276e-08,,,,6.975132236014276e-08
69.06922435362802,6.842694882699111e-08,,,,6.842694882699111e-08
69.2393661384487,6.712772127066763e-08,,,,6.712772127066763e-08
69.40950792326939,6.585316224274142e-08,,,,6.585316224274142e-08
69.57964970809007,6.460280336012594e-08,,,,6.460280336012594e-08
69.74979149291076,6.337618513295559e-08,,,,6.337618513295559e-08
69.91993327773145,6.217285679572838e-08,,,,6.217285679572838e-08
70.09007506255213,6.099237614165675e-08,,,,6.099237614165675e-08
70.26021684737282,5.983430936016268e-08,,,,5.983430936016268e-08
70.4303586321935,5.8698230877458286e-08,,,,5.8698230877458286e-08
70.60050041701419,5.7583723200153425e-08,,,,5.7583723200153425e-08
70.77064220183485,5.6490376761832774e-08,,,,5.6490376761832774e-08
70.94078398665553,5.541778977254583e-08,,,,5.541778977254583e-08
71.11092577147622,5.4365568071154784e-08,,,,5.4365568071154784e-08
71.2810675562969,5.3333324980485777e-08,,,,5.3333324980485777e-08
71.45120934111759,5.2320681165230416e-08,,,,5.2320681165230416e-08
71.62135112593828,5.132726449254538e-08,,,,5.132726449254538e-08
71.79149291075896,5.03527098952988e-08,,,,5.03527098952988e-08
71.96163469557965,4.93966592379131e-08,,,,4.93966592379131e-08
72.13177648040033,4.845876118475507e-08,,,,4.845876118475507e-08
72.30191826522102,4.753867107102554e-08,,,,4.753867107102554e-08
72.4720600500417,4.663605077609888e-08,,,,4.663605077609888e-08
72.64220183486239,4.575056859926898e-08,,,,4.575056859926898e-08
72.81234361968308,4.4881899137853754e-08,,,,4.4881899137853754e-08
72.98248540450376,4.4029723167614154e-08,,,,4.4029723167614154e-08
73.15262718932442,4.31937275254438e-08,,,,4.31937275254438e-08
73.3227689741451,4.237360499428516e-08,,,,4.237360499428516e-08
73.49291075896579,4.156905419023306e-08,,,,4.156905419023306e-08
73.66305254378648,4.077977945177874e-08,,,,4.077977945177874e-08
73.83319432860716,4.0005490731159095e-08,,,,4.0005490731159095e-08
74.00333611342785,3.924590348776801e-08,,,,3.924590348776801e-08
74.17347789824854,3.850073858359161e-08,,,,3.850073858359161e-08
74.34361968306922,3.776972218062888e-08,,,,3.776972218062888e-08
74.5137614678899,3.705258564026001e-08,,,,3.705258564026001e-08
74.68390325271059,3.634906542452527e-08,,,,3.634906542452527e-08
74.85404503753128,3.565890299927898e-08,,,,3.565890299927898e-08
75.02418682235196,3.4981844739180955e-08,,,,3.4981844739180955e-08
75.19432860717265,3.4317641834493284e-08,,,,3.4317641834493284e-08
75.36447039199334,3.3666050199645985e-08,,,,3.3666050199645985e-08
75.53461217681402,3.3026830383538954e-08,,,,3.3026830383538954e-08
75.70475396163468,3.239974748154709e-08,,,,3.239974748154709e-08
75.87489574645537,3.178457104919551e-08,,,,3.178457104919551e-08
76.04503753127605,3.1181075017475514e-08,,,,3.1181075017475514e-08
76.21517931609674,3.058903760976619e-08,,,,3.058903760976619e-08
76.38532110091742,3.000824126033516e-08,,,,3.000824126033516e-08
76.55546288573811,2.943847253438597e-08,,,,2.943847253438597e-08
76.7256046705588,2.887952204962383e-08,,,,2.887952204962383e-08
76.89574645537948,2.8331184399310432e-08,,,,2.8331184399310432e-08
77.06588824020017,2.7793258076779724e-08,,,,2.7793258076779724e-08
77.23603002502085,2.726554540138736e-08,,,,2.726554540138736e-08
77.40617180984154,2.6747852445865168e-08,,,,2.6747852445865168e-08
77.57631359466222,2.623998896505598e-08,,,,2.623998896505598e-08
77.74645537948291,2.574176832600099e-08,,,,2.574176832600099e-08
77.9165971643036,2.5253007439354752e-08,,,,2.5253007439354752e-08
78.08673894912425,2.47735266921024e-08,,,,2.47735266921024e-08
78.25688073394494,2.43031498815539e-08,,,,2.43031498815539e-08
78.42702251876563,2.3841704150592874e-08,,,,2.3841704150592874e-08
78.59716430358631,2.3389019924153065e-08,,,,2.3389019924153065e-08
78.767306088407,2.2944930846902268e-08,,,,2.2944930846902268e-08
78.93744787322768,2.2509273722108952e-08,,,,2.2509273722108952e-08
79.10758965804837,2.2081888451669674e-08,,,,2.2081888451669674e-08
79.27773144286905,2.1662617977275222e-08,,,,2.1662617977275222e-08
79.44787322768974,2.1251308222693834e-08,,,,2.1251308222693834e-08
79.61801501251043,2.084780803715021e-08,,,,2.084780803715021e-08
79.78815679733111,2.045196913977996e-08,,,,2.045196913977996e-08
79.9582985821518,2.0063646065137988e-08,,,,2.0063646065137988e-08
80.12844036697248,1.9682696109742188e-08,,,,1.9682696109742188e-08
80.29858215179317,1.9308979279631825e-08,,,,1.9308979279631825e-08
80.46872393661383,1.89423582389217e-08,,,,1.89423582389217e-08
80.63886572143451,1.8582698259332846e-08,,,,1.8582698259332846e-08
80.8090075062552,1.8229867170682038e-08,,,,1.8229867170682038e-08
80.97914929107588,1.788373531231106e-08,,,,1.788373531231106e-08
81.14929107589657,1.7544175485437852e-08,,,,1.7544175485437852e-08
81.31943286071726,1.721106290641294e-08,,,,1.721106290641294e-08
81.48957464553794,1.6884275160863107e-08,,,,1.6884275160863107e-08
81.65971643035863,1.656369215870575e-08,,,,1.656369215870575e-08
81.82985821517931,1.6249196090017432e-08,,,,1.6249196090017432e-08
82.0,1.594067138174033e-08,,,,1.594067138174033e-08
